Unnamed: 0,file1,file2,same_pattern
2,pattern00/gnmm0220.tif,pattern01/ffcj0179.tif,0
3,pattern00/gnmm0220.tif,pattern01/gkdj0179.tif,0
4,pattern00/gnmm0220.tif,pattern01/hkdj0179.tif,0
5,pattern00/gnmm0220.tif,pattern01/jrxx0179.tif,0
6,pattern00/gnmm0220.tif,pattern01/lzcj0179.tif,0
7,pattern00/gnmm0220.tif,pattern01/rldj0179.tif,0
8,pattern00/gnmm0220.tif,pattern01/ttbj0179.tif,0
9,pattern00/gnmm0220.tif,pattern01/xrxx0179.tif,0
11,pattern00/gnmm0220.tif,pattern02/ffkh0170.tif,0
12,pattern00/gnmm0220.tif,pattern02/kjcx0170.tif,0
14,pattern00/gnmm0220.tif,pattern04/flbn0220.tif,0
15,pattern00/gnmm0220.tif,pattern04/glbn0220.tif,0
16,pattern00/gnmm0220.tif,pattern04/nphv0221.tif,0
18,pattern00/gnmm0220.tif,pattern05/fnjn0226.tif,0
20,pattern00/gnmm0220.tif,pattern07/gkdb0226.tif,0
21,pattern00/gnmm0220.tif,pattern07/pkbn0220.tif,0
22,pattern00/gnmm0220.tif,pattern07/qkbn0220.tif,0
24,pattern00/gnmm0220.tif,pattern08/htbn0228.tif,0
26,pattern00/gnmm0220.tif,pattern10/jgcx0170.tif,0
28,pattern00/gnmm0220.tif,pattern12/gfcj0179.tif,0
29,pattern00/gnmm0220.tif,pattern12/jpcj0179.tif,0
30,pattern00/gnmm0220.tif,pattern12/kfdj0179.tif,0
31,pattern00/gnmm0220.tif,pattern12/kkjx0179.tif,0
32,pattern00/gnmm0220.tif,pattern12/kpjx0179.tif,0
33,pattern00/gnmm0220.tif,pattern12/krxx0179.tif,0
34,pattern00/gnmm0220.tif,pattern12/kzcj0179.tif,0
35,pattern00/gnmm0220.tif,pattern12/lkjx0179.tif,0
36,pattern00/gnmm0220.tif,pattern12/lrjx0179.tif,0
37,pattern00/gnmm0220.tif,pattern12/mgcj0179.tif,0
38,pattern00/gnmm0220.tif,pattern12/ngcj0179.tif,0
39,pattern00/gnmm0220.tif,pattern12/nzcj0179.tif,0
40,pattern00/gnmm0220.tif,pattern12/phhx0179.tif,0
41,pattern00/gnmm0220.tif,pattern12/rkkh0170.tif,0
42,pattern00/gnmm0220.tif,pattern12/sgcj0179.tif,0
43,pattern00/gnmm0220.tif,pattern12/szxx0179.tif,0
44,pattern00/gnmm0220.tif,pattern12/tgdj0179.tif,0
45,pattern00/gnmm0220.tif,pattern12/tkdj0179.tif,0
46,pattern00/gnmm0220.tif,pattern12/txcj0179.tif,0
47,pattern00/gnmm0220.tif,pattern12/xzcj0179.tif,0
48,pattern00/gnmm0220.tif,pattern12/ygdj0179.tif,0
49,pattern00/gnmm0220.tif,pattern12/ygxx0179.tif,0
51,pattern00/gnmm0220.tif,pattern13/jrpm0220.tif,0
52,pattern00/gnmm0220.tif,pattern13/krpm0220.tif,0
54,pattern00/gnmm0220.tif,pattern14/gnyx0222.tif,0
55,pattern00/gnmm0220.tif,pattern14/hnyx0222.tif,0
57,pattern00/gnmm0220.tif,pattern19/lkbn0220.tif,0
58,pattern00/gnmm0220.tif,pattern19/mkbn0220.tif,0
62,pattern00/hlbn0220.tif,pattern01/ffcj0179.tif,0
63,pattern00/hlbn0220.tif,pattern01/gkdj0179.tif,0
64,pattern00/hlbn0220.tif,pattern01/hkdj0179.tif,0
65,pattern00/hlbn0220.tif,pattern01/jrxx0179.tif,0
66,pattern00/hlbn0220.tif,pattern01/lzcj0179.tif,0
67,pattern00/hlbn0220.tif,pattern01/rldj0179.tif,0
68,pattern00/hlbn0220.tif,pattern01/ttbj0179.tif,0
69,pattern00/hlbn0220.tif,pattern01/xrxx0179.tif,0
71,pattern00/hlbn0220.tif,pattern02/ffkh0170.tif,0
72,pattern00/hlbn0220.tif,pattern02/kjcx0170.tif,0
74,pattern00/hlbn0220.tif,pattern04/flbn0220.tif,0
75,pattern00/hlbn0220.tif,pattern04/glbn0220.tif,0
76,pattern00/hlbn0220.tif,pattern04/nphv0221.tif,0
78,pattern00/hlbn0220.tif,pattern05/fnjn0226.tif,0
80,pattern00/hlbn0220.tif,pattern07/gkdb0226.tif,0
81,pattern00/hlbn0220.tif,pattern07/pkbn0220.tif,0
82,pattern00/hlbn0220.tif,pattern07/qkbn0220.tif,0
84,pattern00/hlbn0220.tif,pattern08/htbn0228.tif,0
86,pattern00/hlbn0220.tif,pattern10/jgcx0170.tif,0
88,pattern00/hlbn0220.tif,pattern12/gfcj0179.tif,0
89,pattern00/hlbn0220.tif,pattern12/jpcj0179.tif,0
90,pattern00/hlbn0220.tif,pattern12/kfdj0179.tif,0
91,pattern00/hlbn0220.tif,pattern12/kkjx0179.tif,0
92,pattern00/hlbn0220.tif,pattern12/kpjx0179.tif,0
93,pattern00/hlbn0220.tif,pattern12/krxx0179.tif,0
94,pattern00/hlbn0220.tif,pattern12/kzcj0179.tif,0
95,pattern00/hlbn0220.tif,pattern12/lkjx0179.tif,0
96,pattern00/hlbn0220.tif,pattern12/lrjx0179.tif,0
97,pattern00/hlbn0220.tif,pattern12/mgcj0179.tif,0
98,pattern00/hlbn0220.tif,pattern12/ngcj0179.tif,0
99,pattern00/hlbn0220.tif,pattern12/nzcj0179.tif,0
100,pattern00/hlbn0220.tif,pattern12/phhx0179.tif,0
101,pattern00/hlbn0220.tif,pattern12/rkkh0170.tif,0
102,pattern00/hlbn0220.tif,pattern12/sgcj0179.tif,0
103,pattern00/hlbn0220.tif,pattern12/szxx0179.tif,0
104,pattern00/hlbn0220.tif,pattern12/tgdj0179.tif,0
105,pattern00/hlbn0220.tif,pattern12/tkdj0179.tif,0
106,pattern00/hlbn0220.tif,pattern12/txcj0179.tif,0
107,pattern00/hlbn0220.tif,pattern12/xzcj0179.tif,0
108,pattern00/hlbn0220.tif,pattern12/ygdj0179.tif,0
109,pattern00/hlbn0220.tif,pattern12/ygxx0179.tif,0
111,pattern00/hlbn0220.tif,pattern13/jrpm0220.tif,0
112,pattern00/hlbn0220.tif,pattern13/krpm0220.tif,0
114,pattern00/hlbn0220.tif,pattern14/gnyx0222.tif,0
115,pattern00/hlbn0220.tif,pattern14/hnyx0222.tif,0
117,pattern00/hlbn0220.tif,pattern19/lkbn0220.tif,0
118,pattern00/hlbn0220.tif,pattern19/mkbn0220.tif,0
121,pattern00/jnyx0222.tif,pattern01/ffcj0179.tif,0
122,pattern00/jnyx0222.tif,pattern01/gkdj0179.tif,0
123,pattern00/jnyx0222.tif,pattern01/hkdj0179.tif,0
124,pattern00/jnyx0222.tif,pattern01/jrxx0179.tif,0
125,pattern00/jnyx0222.tif,pattern01/lzcj0179.tif,0
126,pattern00/jnyx0222.tif,pattern01/rldj0179.tif,0
127,pattern00/jnyx0222.tif,pattern01/ttbj0179.tif,0
128,pattern00/jnyx0222.tif,pattern01/xrxx0179.tif,0
130,pattern00/jnyx0222.tif,pattern02/ffkh0170.tif,0
131,pattern00/jnyx0222.tif,pattern02/kjcx0170.tif,0
133,pattern00/jnyx0222.tif,pattern04/flbn0220.tif,0
134,pattern00/jnyx0222.tif,pattern04/glbn0220.tif,0
135,pattern00/jnyx0222.tif,pattern04/nphv0221.tif,0
137,pattern00/jnyx0222.tif,pattern05/fnjn0226.tif,0
139,pattern00/jnyx0222.tif,pattern07/gkdb0226.tif,0
140,pattern00/jnyx0222.tif,pattern07/pkbn0220.tif,0
141,pattern00/jnyx0222.tif,pattern07/qkbn0220.tif,0
143,pattern00/jnyx0222.tif,pattern08/htbn0228.tif,0
145,pattern00/jnyx0222.tif,pattern10/jgcx0170.tif,0
147,pattern00/jnyx0222.tif,pattern12/gfcj0179.tif,0
148,pattern00/jnyx0222.tif,pattern12/jpcj0179.tif,0
149,pattern00/jnyx0222.tif,pattern12/kfdj0179.tif,0
150,pattern00/jnyx0222.tif,pattern12/kkjx0179.tif,0
151,pattern00/jnyx0222.tif,pattern12/kpjx0179.tif,0
152,pattern00/jnyx0222.tif,pattern12/krxx0179.tif,0
153,pattern00/jnyx0222.tif,pattern12/kzcj0179.tif,0
154,pattern00/jnyx0222.tif,pattern12/lkjx0179.tif,0
155,pattern00/jnyx0222.tif,pattern12/lrjx0179.tif,0
156,pattern00/jnyx0222.tif,pattern12/mgcj0179.tif,0
157,pattern00/jnyx0222.tif,pattern12/ngcj0179.tif,0
158,pattern00/jnyx0222.tif,pattern12/nzcj0179.tif,0
159,pattern00/jnyx0222.tif,pattern12/phhx0179.tif,0
160,pattern00/jnyx0222.tif,pattern12/rkkh0170.tif,0
161,pattern00/jnyx0222.tif,pattern12/sgcj0179.tif,0
162,pattern00/jnyx0222.tif,pattern12/szxx0179.tif,0
163,pattern00/jnyx0222.tif,pattern12/tgdj0179.tif,0
164,pattern00/jnyx0222.tif,pattern12/tkdj0179.tif,0
165,pattern00/jnyx0222.tif,pattern12/txcj0179.tif,0
166,pattern00/jnyx0222.tif,pattern12/xzcj0179.tif,0
167,pattern00/jnyx0222.tif,pattern12/ygdj0179.tif,0
168,pattern00/jnyx0222.tif,pattern12/ygxx0179.tif,0
170,pattern00/jnyx0222.tif,pattern13/jrpm0220.tif,0
171,pattern00/jnyx0222.tif,pattern13/krpm0220.tif,0
173,pattern00/jnyx0222.tif,pattern14/gnyx0222.tif,0
174,pattern00/jnyx0222.tif,pattern14/hnyx0222.tif,0
176,pattern00/jnyx0222.tif,pattern19/lkbn0220.tif,0
177,pattern00/jnyx0222.tif,pattern19/mkbn0220.tif,0
180,pattern01/ffcj0179.tif,pattern01/gkdj0179.tif,1
181,pattern01/ffcj0179.tif,pattern01/hkdj0179.tif,1
182,pattern01/ffcj0179.tif,pattern01/jrxx0179.tif,1
183,pattern01/ffcj0179.tif,pattern01/lzcj0179.tif,1
184,pattern01/ffcj0179.tif,pattern01/rldj0179.tif,1
185,pattern01/ffcj0179.tif,pattern01/ttbj0179.tif,1
186,pattern01/ffcj0179.tif,pattern01/xrxx0179.tif,1
187,pattern01/ffcj0179.tif,pattern01/zldj0179.tif,1
188,pattern01/ffcj0179.tif,pattern02/ffkh0170.tif,0
189,pattern01/ffcj0179.tif,pattern02/kjcx0170.tif,0
190,pattern01/ffcj0179.tif,pattern02/sfkh0170.tif,0
191,pattern01/ffcj0179.tif,pattern04/flbn0220.tif,0
192,pattern01/ffcj0179.tif,pattern04/glbn0220.tif,0
193,pattern01/ffcj0179.tif,pattern04/nphv0221.tif,0
194,pattern01/ffcj0179.tif,pattern04/zkbn0220.tif,0
195,pattern01/ffcj0179.tif,pattern05/fnjn0226.tif,0
196,pattern01/ffcj0179.tif,pattern05/szjm0228.tif,0
197,pattern01/ffcj0179.tif,pattern07/gkdb0226.tif,0
198,pattern01/ffcj0179.tif,pattern07/pkbn0220.tif,0
199,pattern01/ffcj0179.tif,pattern07/qkbn0220.tif,0
200,pattern01/ffcj0179.tif,pattern07/ykbn0220.tif,0
201,pattern01/ffcj0179.tif,pattern08/htbn0228.tif,0
202,pattern01/ffcj0179.tif,pattern08/yncn0228.tif,0
203,pattern01/ffcj0179.tif,pattern10/jgcx0170.tif,0
204,pattern01/ffcj0179.tif,pattern10/tfcx0170.tif,0
205,pattern01/ffcj0179.tif,pattern12/gfcj0179.tif,0
206,pattern01/ffcj0179.tif,pattern12/jpcj0179.tif,0
207,pattern01/ffcj0179.tif,pattern12/kfdj0179.tif,0
208,pattern01/ffcj0179.tif,pattern12/kkjx0179.tif,0
209,pattern01/ffcj0179.tif,pattern12/kpjx0179.tif,0
210,pattern01/ffcj0179.tif,pattern12/krxx0179.tif,0
211,pattern01/ffcj0179.tif,pattern12/kzcj0179.tif,0
212,pattern01/ffcj0179.tif,pattern12/lkjx0179.tif,0
213,pattern01/ffcj0179.tif,pattern12/lrjx0179.tif,0
214,pattern01/ffcj0179.tif,pattern12/mgcj0179.tif,0
215,pattern01/ffcj0179.tif,pattern12/ngcj0179.tif,0
216,pattern01/ffcj0179.tif,pattern12/nzcj0179.tif,0
217,pattern01/ffcj0179.tif,pattern12/phhx0179.tif,0
218,pattern01/ffcj0179.tif,pattern12/rkkh0170.tif,0
219,pattern01/ffcj0179.tif,pattern12/sgcj0179.tif,0
220,pattern01/ffcj0179.tif,pattern12/szxx0179.tif,0
221,pattern01/ffcj0179.tif,pattern12/tgdj0179.tif,0
222,pattern01/ffcj0179.tif,pattern12/tkdj0179.tif,0
223,pattern01/ffcj0179.tif,pattern12/txcj0179.tif,0
224,pattern01/ffcj0179.tif,pattern12/xzcj0179.tif,0
225,pattern01/ffcj0179.tif,pattern12/ygdj0179.tif,0
226,pattern01/ffcj0179.tif,pattern12/ygxx0179.tif,0
227,pattern01/ffcj0179.tif,pattern12/zyjx0179.tif,0
228,pattern01/ffcj0179.tif,pattern13/jrpm0220.tif,0
229,pattern01/ffcj0179.tif,pattern13/krpm0220.tif,0
230,pattern01/ffcj0179.tif,pattern13/lrpm0220.tif,0
231,pattern01/ffcj0179.tif,pattern14/gnyx0222.tif,0
232,pattern01/ffcj0179.tif,pattern14/hnyx0222.tif,0
233,pattern01/ffcj0179.tif,pattern14/xnyx0222.tif,0
234,pattern01/ffcj0179.tif,pattern19/lkbn0220.tif,0
235,pattern01/ffcj0179.tif,pattern19/mkbn0220.tif,0
236,pattern01/ffcj0179.tif,pattern19/nkbn0220.tif,0
237,pattern01/ffcj0179.tif,pattern20/gqhw0217.tif,0
238,pattern01/gkdj0179.tif,pattern01/hkdj0179.tif,1
239,pattern01/gkdj0179.tif,pattern01/jrxx0179.tif,1
240,pattern01/gkdj0179.tif,pattern01/lzcj0179.tif,1
241,pattern01/gkdj0179.tif,pattern01/rldj0179.tif,1
242,pattern01/gkdj0179.tif,pattern01/ttbj0179.tif,1
243,pattern01/gkdj0179.tif,pattern01/xrxx0179.tif,1
244,pattern01/gkdj0179.tif,pattern01/zldj0179.tif,1
245,pattern01/gkdj0179.tif,pattern02/ffkh0170.tif,0
246,pattern01/gkdj0179.tif,pattern02/kjcx0170.tif,0
247,pattern01/gkdj0179.tif,pattern02/sfkh0170.tif,0
248,pattern01/gkdj0179.tif,pattern04/flbn0220.tif,0
249,pattern01/gkdj0179.tif,pattern04/glbn0220.tif,0
250,pattern01/gkdj0179.tif,pattern04/nphv0221.tif,0
251,pattern01/gkdj0179.tif,pattern04/zkbn0220.tif,0
252,pattern01/gkdj0179.tif,pattern05/fnjn0226.tif,0
253,pattern01/gkdj0179.tif,pattern05/szjm0228.tif,0
254,pattern01/gkdj0179.tif,pattern07/gkdb0226.tif,0
255,pattern01/gkdj0179.tif,pattern07/pkbn0220.tif,0
256,pattern01/gkdj0179.tif,pattern07/qkbn0220.tif,0
257,pattern01/gkdj0179.tif,pattern07/ykbn0220.tif,0
258,pattern01/gkdj0179.tif,pattern08/htbn0228.tif,0
259,pattern01/gkdj0179.tif,pattern08/yncn0228.tif,0
260,pattern01/gkdj0179.tif,pattern10/jgcx0170.tif,0
261,pattern01/gkdj0179.tif,pattern10/tfcx0170.tif,0
262,pattern01/gkdj0179.tif,pattern12/gfcj0179.tif,0
263,pattern01/gkdj0179.tif,pattern12/jpcj0179.tif,0
264,pattern01/gkdj0179.tif,pattern12/kfdj0179.tif,0
265,pattern01/gkdj0179.tif,pattern12/kkjx0179.tif,0
266,pattern01/gkdj0179.tif,pattern12/kpjx0179.tif,0
267,pattern01/gkdj0179.tif,pattern12/krxx0179.tif,0
268,pattern01/gkdj0179.tif,pattern12/kzcj0179.tif,0
269,pattern01/gkdj0179.tif,pattern12/lkjx0179.tif,0
270,pattern01/gkdj0179.tif,pattern12/lrjx0179.tif,0
271,pattern01/gkdj0179.tif,pattern12/mgcj0179.tif,0
272,pattern01/gkdj0179.tif,pattern12/ngcj0179.tif,0
273,pattern01/gkdj0179.tif,pattern12/nzcj0179.tif,0
274,pattern01/gkdj0179.tif,pattern12/phhx0179.tif,0
275,pattern01/gkdj0179.tif,pattern12/rkkh0170.tif,0
276,pattern01/gkdj0179.tif,pattern12/sgcj0179.tif,0
277,pattern01/gkdj0179.tif,pattern12/szxx0179.tif,0
278,pattern01/gkdj0179.tif,pattern12/tgdj0179.tif,0
279,pattern01/gkdj0179.tif,pattern12/tkdj0179.tif,0
280,pattern01/gkdj0179.tif,pattern12/txcj0179.tif,0
281,pattern01/gkdj0179.tif,pattern12/xzcj0179.tif,0
282,pattern01/gkdj0179.tif,pattern12/ygdj0179.tif,0
283,pattern01/gkdj0179.tif,pattern12/ygxx0179.tif,0
284,pattern01/gkdj0179.tif,pattern12/zyjx0179.tif,0
285,pattern01/gkdj0179.tif,pattern13/jrpm0220.tif,0
286,pattern01/gkdj0179.tif,pattern13/krpm0220.tif,0
287,pattern01/gkdj0179.tif,pattern13/lrpm0220.tif,0
288,pattern01/gkdj0179.tif,pattern14/gnyx0222.tif,0
289,pattern01/gkdj0179.tif,pattern14/hnyx0222.tif,0
290,pattern01/gkdj0179.tif,pattern14/xnyx0222.tif,0
291,pattern01/gkdj0179.tif,pattern19/lkbn0220.tif,0
292,pattern01/gkdj0179.tif,pattern19/mkbn0220.tif,0
293,pattern01/gkdj0179.tif,pattern19/nkbn0220.tif,0
294,pattern01/gkdj0179.tif,pattern20/gqhw0217.tif,0
295,pattern01/hkdj0179.tif,pattern01/jrxx0179.tif,1
296,pattern01/hkdj0179.tif,pattern01/lzcj0179.tif,1
297,pattern01/hkdj0179.tif,pattern01/rldj0179.tif,1
298,pattern01/hkdj0179.tif,pattern01/ttbj0179.tif,1
299,pattern01/hkdj0179.tif,pattern01/xrxx0179.tif,1
300,pattern01/hkdj0179.tif,pattern01/zldj0179.tif,1
301,pattern01/hkdj0179.tif,pattern02/ffkh0170.tif,0
302,pattern01/hkdj0179.tif,pattern02/kjcx0170.tif,0
303,pattern01/hkdj0179.tif,pattern02/sfkh0170.tif,0
304,pattern01/hkdj0179.tif,pattern04/flbn0220.tif,0
305,pattern01/hkdj0179.tif,pattern04/glbn0220.tif,0
306,pattern01/hkdj0179.tif,pattern04/nphv0221.tif,0
307,pattern01/hkdj0179.tif,pattern04/zkbn0220.tif,0
308,pattern01/hkdj0179.tif,pattern05/fnjn0226.tif,0
309,pattern01/hkdj0179.tif,pattern05/szjm0228.tif,0
310,pattern01/hkdj0179.tif,pattern07/gkdb0226.tif,0
311,pattern01/hkdj0179.tif,pattern07/pkbn0220.tif,0
312,pattern01/hkdj0179.tif,pattern07/qkbn0220.tif,0
313,pattern01/hkdj0179.tif,pattern07/ykbn0220.tif,0
314,pattern01/hkdj0179.tif,pattern08/htbn0228.tif,0
315,pattern01/hkdj0179.tif,pattern08/yncn0228.tif,0
316,pattern01/hkdj0179.tif,pattern10/jgcx0170.tif,0
317,pattern01/hkdj0179.tif,pattern10/tfcx0170.tif,0
318,pattern01/hkdj0179.tif,pattern12/gfcj0179.tif,0
319,pattern01/hkdj0179.tif,pattern12/jpcj0179.tif,0
320,pattern01/hkdj0179.tif,pattern12/kfdj0179.tif,0
321,pattern01/hkdj0179.tif,pattern12/kkjx0179.tif,0
322,pattern01/hkdj0179.tif,pattern12/kpjx0179.tif,0
323,pattern01/hkdj0179.tif,pattern12/krxx0179.tif,0
324,pattern01/hkdj0179.tif,pattern12/kzcj0179.tif,0
325,pattern01/hkdj0179.tif,pattern12/lkjx0179.tif,0
326,pattern01/hkdj0179.tif,pattern12/lrjx0179.tif,0
327,pattern01/hkdj0179.tif,pattern12/mgcj0179.tif,0
328,pattern01/hkdj0179.tif,pattern12/ngcj0179.tif,0
329,pattern01/hkdj0179.tif,pattern12/nzcj0179.tif,0
330,pattern01/hkdj0179.tif,pattern12/phhx0179.tif,0
331,pattern01/hkdj0179.tif,pattern12/rkkh0170.tif,0
332,pattern01/hkdj0179.tif,pattern12/sgcj0179.tif,0
333,pattern01/hkdj0179.tif,pattern12/szxx0179.tif,0
334,pattern01/hkdj0179.tif,pattern12/tgdj0179.tif,0
335,pattern01/hkdj0179.tif,pattern12/tkdj0179.tif,0
336,pattern01/hkdj0179.tif,pattern12/txcj0179.tif,0
337,pattern01/hkdj0179.tif,pattern12/xzcj0179.tif,0
338,pattern01/hkdj0179.tif,pattern12/ygdj0179.tif,0
339,pattern01/hkdj0179.tif,pattern12/ygxx0179.tif,0
340,pattern01/hkdj0179.tif,pattern12/zyjx0179.tif,0
341,pattern01/hkdj0179.tif,pattern13/jrpm0220.tif,0
342,pattern01/hkdj0179.tif,pattern13/krpm0220.tif,0
343,pattern01/hkdj0179.tif,pattern13/lrpm0220.tif,0
344,pattern01/hkdj0179.tif,pattern14/gnyx0222.tif,0
345,pattern01/hkdj0179.tif,pattern14/hnyx0222.tif,0
346,pattern01/hkdj0179.tif,pattern14/xnyx0222.tif,0
347,pattern01/hkdj0179.tif,pattern19/lkbn0220.tif,0
348,pattern01/hkdj0179.tif,pattern19/mkbn0220.tif,0
349,pattern01/hkdj0179.tif,pattern19/nkbn0220.tif,0
350,pattern01/hkdj0179.tif,pattern20/gqhw0217.tif,0
351,pattern01/jrxx0179.tif,pattern01/lzcj0179.tif,1
352,pattern01/jrxx0179.tif,pattern01/rldj0179.tif,1
353,pattern01/jrxx0179.tif,pattern01/ttbj0179.tif,1
354,pattern01/jrxx0179.tif,pattern01/xrxx0179.tif,1
355,pattern01/jrxx0179.tif,pattern01/zldj0179.tif,1
356,pattern01/jrxx0179.tif,pattern02/ffkh0170.tif,0
357,pattern01/jrxx0179.tif,pattern02/kjcx0170.tif,0
358,pattern01/jrxx0179.tif,pattern02/sfkh0170.tif,0
359,pattern01/jrxx0179.tif,pattern04/flbn0220.tif,0
360,pattern01/jrxx0179.tif,pattern04/glbn0220.tif,0
361,pattern01/jrxx0179.tif,pattern04/nphv0221.tif,0
362,pattern01/jrxx0179.tif,pattern04/zkbn0220.tif,0
363,pattern01/jrxx0179.tif,pattern05/fnjn0226.tif,0
364,pattern01/jrxx0179.tif,pattern05/szjm0228.tif,0
365,pattern01/jrxx0179.tif,pattern07/gkdb0226.tif,0
366,pattern01/jrxx0179.tif,pattern07/pkbn0220.tif,0
367,pattern01/jrxx0179.tif,pattern07/qkbn0220.tif,0
368,pattern01/jrxx0179.tif,pattern07/ykbn0220.tif,0
369,pattern01/jrxx0179.tif,pattern08/htbn0228.tif,0
370,pattern01/jrxx0179.tif,pattern08/yncn0228.tif,0
371,pattern01/jrxx0179.tif,pattern10/jgcx0170.tif,0
372,pattern01/jrxx0179.tif,pattern10/tfcx0170.tif,0
373,pattern01/jrxx0179.tif,pattern12/gfcj0179.tif,0
374,pattern01/jrxx0179.tif,pattern12/jpcj0179.tif,0
375,pattern01/jrxx0179.tif,pattern12/kfdj0179.tif,0
376,pattern01/jrxx0179.tif,pattern12/kkjx0179.tif,0
377,pattern01/jrxx0179.tif,pattern12/kpjx0179.tif,0
378,pattern01/jrxx0179.tif,pattern12/krxx0179.tif,0
379,pattern01/jrxx0179.tif,pattern12/kzcj0179.tif,0
380,pattern01/jrxx0179.tif,pattern12/lkjx0179.tif,0
381,pattern01/jrxx0179.tif,pattern12/lrjx0179.tif,0
382,pattern01/jrxx0179.tif,pattern12/mgcj0179.tif,0
383,pattern01/jrxx0179.tif,pattern12/ngcj0179.tif,0
384,pattern01/jrxx0179.tif,pattern12/nzcj0179.tif,0
385,pattern01/jrxx0179.tif,pattern12/phhx0179.tif,0
386,pattern01/jrxx0179.tif,pattern12/rkkh0170.tif,0
387,pattern01/jrxx0179.tif,pattern12/sgcj0179.tif,0
388,pattern01/jrxx0179.tif,pattern12/szxx0179.tif,0
389,pattern01/jrxx0179.tif,pattern12/tgdj0179.tif,0
390,pattern01/jrxx0179.tif,pattern12/tkdj0179.tif,0
391,pattern01/jrxx0179.tif,pattern12/txcj0179.tif,0
392,pattern01/jrxx0179.tif,pattern12/xzcj0179.tif,0
393,pattern01/jrxx0179.tif,pattern12/ygdj0179.tif,0
394,pattern01/jrxx0179.tif,pattern12/ygxx0179.tif,0
395,pattern01/jrxx0179.tif,pattern12/zyjx0179.tif,0
396,pattern01/jrxx0179.tif,pattern13/jrpm0220.tif,0
397,pattern01/jrxx0179.tif,pattern13/krpm0220.tif,0
398,pattern01/jrxx0179.tif,pattern13/lrpm0220.tif,0
399,pattern01/jrxx0179.tif,pattern14/gnyx0222.tif,0
400,pattern01/jrxx0179.tif,pattern14/hnyx0222.tif,0
401,pattern01/jrxx0179.tif,pattern14/xnyx0222.tif,0
402,pattern01/jrxx0179.tif,pattern19/lkbn0220.tif,0
403,pattern01/jrxx0179.tif,pattern19/mkbn0220.tif,0
404,pattern01/jrxx0179.tif,pattern19/nkbn0220.tif,0
405,pattern01/jrxx0179.tif,pattern20/gqhw0217.tif,0
406,pattern01/lzcj0179.tif,pattern01/rldj0179.tif,1
407,pattern01/lzcj0179.tif,pattern01/ttbj0179.tif,1
408,pattern01/lzcj0179.tif,pattern01/xrxx0179.tif,1
409,pattern01/lzcj0179.tif,pattern01/zldj0179.tif,1
410,pattern01/lzcj0179.tif,pattern02/ffkh0170.tif,0
411,pattern01/lzcj0179.tif,pattern02/kjcx0170.tif,0
412,pattern01/lzcj0179.tif,pattern02/sfkh0170.tif,0
413,pattern01/lzcj0179.tif,pattern04/flbn0220.tif,0
414,pattern01/lzcj0179.tif,pattern04/glbn0220.tif,0
415,pattern01/lzcj0179.tif,pattern04/nphv0221.tif,0
416,pattern01/lzcj0179.tif,pattern04/zkbn0220.tif,0
417,pattern01/lzcj0179.tif,pattern05/fnjn0226.tif,0
418,pattern01/lzcj0179.tif,pattern05/szjm0228.tif,0
419,pattern01/lzcj0179.tif,pattern07/gkdb0226.tif,0
420,pattern01/lzcj0179.tif,pattern07/pkbn0220.tif,0
421,pattern01/lzcj0179.tif,pattern07/qkbn0220.tif,0
422,pattern01/lzcj0179.tif,pattern07/ykbn0220.tif,0
423,pattern01/lzcj0179.tif,pattern08/htbn0228.tif,0
424,pattern01/lzcj0179.tif,pattern08/yncn0228.tif,0
425,pattern01/lzcj0179.tif,pattern10/jgcx0170.tif,0
426,pattern01/lzcj0179.tif,pattern10/tfcx0170.tif,0
427,pattern01/lzcj0179.tif,pattern12/gfcj0179.tif,0
428,pattern01/lzcj0179.tif,pattern12/jpcj0179.tif,0
429,pattern01/lzcj0179.tif,pattern12/kfdj0179.tif,0
430,pattern01/lzcj0179.tif,pattern12/kkjx0179.tif,0
431,pattern01/lzcj0179.tif,pattern12/kpjx0179.tif,0
432,pattern01/lzcj0179.tif,pattern12/krxx0179.tif,0
433,pattern01/lzcj0179.tif,pattern12/kzcj0179.tif,0
434,pattern01/lzcj0179.tif,pattern12/lkjx0179.tif,0
435,pattern01/lzcj0179.tif,pattern12/lrjx0179.tif,0
436,pattern01/lzcj0179.tif,pattern12/mgcj0179.tif,0
437,pattern01/lzcj0179.tif,pattern12/ngcj0179.tif,0
438,pattern01/lzcj0179.tif,pattern12/nzcj0179.tif,0
439,pattern01/lzcj0179.tif,pattern12/phhx0179.tif,0
440,pattern01/lzcj0179.tif,pattern12/rkkh0170.tif,0
441,pattern01/lzcj0179.tif,pattern12/sgcj0179.tif,0
442,pattern01/lzcj0179.tif,pattern12/szxx0179.tif,0
443,pattern01/lzcj0179.tif,pattern12/tgdj0179.tif,0
444,pattern01/lzcj0179.tif,pattern12/tkdj0179.tif,0
445,pattern01/lzcj0179.tif,pattern12/txcj0179.tif,0
446,pattern01/lzcj0179.tif,pattern12/xzcj0179.tif,0
447,pattern01/lzcj0179.tif,pattern12/ygdj0179.tif,0
448,pattern01/lzcj0179.tif,pattern12/ygxx0179.tif,0
449,pattern01/lzcj0179.tif,pattern12/zyjx0179.tif,0
450,pattern01/lzcj0179.tif,pattern13/jrpm0220.tif,0
451,pattern01/lzcj0179.tif,pattern13/krpm0220.tif,0
452,pattern01/lzcj0179.tif,pattern13/lrpm0220.tif,0
453,pattern01/lzcj0179.tif,pattern14/gnyx0222.tif,0
454,pattern01/lzcj0179.tif,pattern14/hnyx0222.tif,0
455,pattern01/lzcj0179.tif,pattern14/xnyx0222.tif,0
456,pattern01/lzcj0179.tif,pattern19/lkbn0220.tif,0
457,pattern01/lzcj0179.tif,pattern19/mkbn0220.tif,0
458,pattern01/lzcj0179.tif,pattern19/nkbn0220.tif,0
459,pattern01/lzcj0179.tif,pattern20/gqhw0217.tif,0
460,pattern01/rldj0179.tif,pattern01/ttbj0179.tif,1
461,pattern01/rldj0179.tif,pattern01/xrxx0179.tif,1
462,pattern01/rldj0179.tif,pattern01/zldj0179.tif,1
463,pattern01/rldj0179.tif,pattern02/ffkh0170.tif,0
464,pattern01/rldj0179.tif,pattern02/kjcx0170.tif,0
465,pattern01/rldj0179.tif,pattern02/sfkh0170.tif,0
466,pattern01/rldj0179.tif,pattern04/flbn0220.tif,0
467,pattern01/rldj0179.tif,pattern04/glbn0220.tif,0
468,pattern01/rldj0179.tif,pattern04/nphv0221.tif,0
469,pattern01/rldj0179.tif,pattern04/zkbn0220.tif,0
470,pattern01/rldj0179.tif,pattern05/fnjn0226.tif,0
471,pattern01/rldj0179.tif,pattern05/szjm0228.tif,0
472,pattern01/rldj0179.tif,pattern07/gkdb0226.tif,0
473,pattern01/rldj0179.tif,pattern07/pkbn0220.tif,0
474,pattern01/rldj0179.tif,pattern07/qkbn0220.tif,0
475,pattern01/rldj0179.tif,pattern07/ykbn0220.tif,0
476,pattern01/rldj0179.tif,pattern08/htbn0228.tif,0
477,pattern01/rldj0179.tif,pattern08/yncn0228.tif,0
478,pattern01/rldj0179.tif,pattern10/jgcx0170.tif,0
479,pattern01/rldj0179.tif,pattern10/tfcx0170.tif,0
480,pattern01/rldj0179.tif,pattern12/gfcj0179.tif,0
481,pattern01/rldj0179.tif,pattern12/jpcj0179.tif,0
482,pattern01/rldj0179.tif,pattern12/kfdj0179.tif,0
483,pattern01/rldj0179.tif,pattern12/kkjx0179.tif,0
484,pattern01/rldj0179.tif,pattern12/kpjx0179.tif,0
485,pattern01/rldj0179.tif,pattern12/krxx0179.tif,0
486,pattern01/rldj0179.tif,pattern12/kzcj0179.tif,0
487,pattern01/rldj0179.tif,pattern12/lkjx0179.tif,0
488,pattern01/rldj0179.tif,pattern12/lrjx0179.tif,0
489,pattern01/rldj0179.tif,pattern12/mgcj0179.tif,0
490,pattern01/rldj0179.tif,pattern12/ngcj0179.tif,0
491,pattern01/rldj0179.tif,pattern12/nzcj0179.tif,0
492,pattern01/rldj0179.tif,pattern12/phhx0179.tif,0
493,pattern01/rldj0179.tif,pattern12/rkkh0170.tif,0
494,pattern01/rldj0179.tif,pattern12/sgcj0179.tif,0
495,pattern01/rldj0179.tif,pattern12/szxx0179.tif,0
496,pattern01/rldj0179.tif,pattern12/tgdj0179.tif,0
497,pattern01/rldj0179.tif,pattern12/tkdj0179.tif,0
498,pattern01/rldj0179.tif,pattern12/txcj0179.tif,0
499,pattern01/rldj0179.tif,pattern12/xzcj0179.tif,0
500,pattern01/rldj0179.tif,pattern12/ygdj0179.tif,0
501,pattern01/rldj0179.tif,pattern12/ygxx0179.tif,0
502,pattern01/rldj0179.tif,pattern12/zyjx0179.tif,0
503,pattern01/rldj0179.tif,pattern13/jrpm0220.tif,0
504,pattern01/rldj0179.tif,pattern13/krpm0220.tif,0
505,pattern01/rldj0179.tif,pattern13/lrpm0220.tif,0
506,pattern01/rldj0179.tif,pattern14/gnyx0222.tif,0
507,pattern01/rldj0179.tif,pattern14/hnyx0222.tif,0
508,pattern01/rldj0179.tif,pattern14/xnyx0222.tif,0
509,pattern01/rldj0179.tif,pattern19/lkbn0220.tif,0
510,pattern01/rldj0179.tif,pattern19/mkbn0220.tif,0
511,pattern01/rldj0179.tif,pattern19/nkbn0220.tif,0
512,pattern01/rldj0179.tif,pattern20/gqhw0217.tif,0
513,pattern01/ttbj0179.tif,pattern01/xrxx0179.tif,1
514,pattern01/ttbj0179.tif,pattern01/zldj0179.tif,1
515,pattern01/ttbj0179.tif,pattern02/ffkh0170.tif,0
516,pattern01/ttbj0179.tif,pattern02/kjcx0170.tif,0
517,pattern01/ttbj0179.tif,pattern02/sfkh0170.tif,0
518,pattern01/ttbj0179.tif,pattern04/flbn0220.tif,0
519,pattern01/ttbj0179.tif,pattern04/glbn0220.tif,0
520,pattern01/ttbj0179.tif,pattern04/nphv0221.tif,0
521,pattern01/ttbj0179.tif,pattern04/zkbn0220.tif,0
522,pattern01/ttbj0179.tif,pattern05/fnjn0226.tif,0
523,pattern01/ttbj0179.tif,pattern05/szjm0228.tif,0
524,pattern01/ttbj0179.tif,pattern07/gkdb0226.tif,0
525,pattern01/ttbj0179.tif,pattern07/pkbn0220.tif,0
526,pattern01/ttbj0179.tif,pattern07/qkbn0220.tif,0
527,pattern01/ttbj0179.tif,pattern07/ykbn0220.tif,0
528,pattern01/ttbj0179.tif,pattern08/htbn0228.tif,0
529,pattern01/ttbj0179.tif,pattern08/yncn0228.tif,0
530,pattern01/ttbj0179.tif,pattern10/jgcx0170.tif,0
531,pattern01/ttbj0179.tif,pattern10/tfcx0170.tif,0
532,pattern01/ttbj0179.tif,pattern12/gfcj0179.tif,0
533,pattern01/ttbj0179.tif,pattern12/jpcj0179.tif,0
534,pattern01/ttbj0179.tif,pattern12/kfdj0179.tif,0
535,pattern01/ttbj0179.tif,pattern12/kkjx0179.tif,0
536,pattern01/ttbj0179.tif,pattern12/kpjx0179.tif,0
537,pattern01/ttbj0179.tif,pattern12/krxx0179.tif,0
538,pattern01/ttbj0179.tif,pattern12/kzcj0179.tif,0
539,pattern01/ttbj0179.tif,pattern12/lkjx0179.tif,0
540,pattern01/ttbj0179.tif,pattern12/lrjx0179.tif,0
541,pattern01/ttbj0179.tif,pattern12/mgcj0179.tif,0
542,pattern01/ttbj0179.tif,pattern12/ngcj0179.tif,0
543,pattern01/ttbj0179.tif,pattern12/nzcj0179.tif,0
544,pattern01/ttbj0179.tif,pattern12/phhx0179.tif,0
545,pattern01/ttbj0179.tif,pattern12/rkkh0170.tif,0
546,pattern01/ttbj0179.tif,pattern12/sgcj0179.tif,0
547,pattern01/ttbj0179.tif,pattern12/szxx0179.tif,0
548,pattern01/ttbj0179.tif,pattern12/tgdj0179.tif,0
549,pattern01/ttbj0179.tif,pattern12/tkdj0179.tif,0
550,pattern01/ttbj0179.tif,pattern12/txcj0179.tif,0
551,pattern01/ttbj0179.tif,pattern12/xzcj0179.tif,0
552,pattern01/ttbj0179.tif,pattern12/ygdj0179.tif,0
553,pattern01/ttbj0179.tif,pattern12/ygxx0179.tif,0
554,pattern01/ttbj0179.tif,pattern12/zyjx0179.tif,0
555,pattern01/ttbj0179.tif,pattern13/jrpm0220.tif,0
556,pattern01/ttbj0179.tif,pattern13/krpm0220.tif,0
557,pattern01/ttbj0179.tif,pattern13/lrpm0220.tif,0
558,pattern01/ttbj0179.tif,pattern14/gnyx0222.tif,0
559,pattern01/ttbj0179.tif,pattern14/hnyx0222.tif,0
560,pattern01/ttbj0179.tif,pattern14/xnyx0222.tif,0
561,pattern01/ttbj0179.tif,pattern19/lkbn0220.tif,0
562,pattern01/ttbj0179.tif,pattern19/mkbn0220.tif,0
563,pattern01/ttbj0179.tif,pattern19/nkbn0220.tif,0
564,pattern01/ttbj0179.tif,pattern20/gqhw0217.tif,0
565,pattern01/xrxx0179.tif,pattern01/zldj0179.tif,1
566,pattern01/xrxx0179.tif,pattern02/ffkh0170.tif,0
567,pattern01/xrxx0179.tif,pattern02/kjcx0170.tif,0
568,pattern01/xrxx0179.tif,pattern02/sfkh0170.tif,0
569,pattern01/xrxx0179.tif,pattern04/flbn0220.tif,0
570,pattern01/xrxx0179.tif,pattern04/glbn0220.tif,0
571,pattern01/xrxx0179.tif,pattern04/nphv0221.tif,0
572,pattern01/xrxx0179.tif,pattern04/zkbn0220.tif,0
573,pattern01/xrxx0179.tif,pattern05/fnjn0226.tif,0
574,pattern01/xrxx0179.tif,pattern05/szjm0228.tif,0
575,pattern01/xrxx0179.tif,pattern07/gkdb0226.tif,0
576,pattern01/xrxx0179.tif,pattern07/pkbn0220.tif,0
577,pattern01/xrxx0179.tif,pattern07/qkbn0220.tif,0
578,pattern01/xrxx0179.tif,pattern07/ykbn0220.tif,0
579,pattern01/xrxx0179.tif,pattern08/htbn0228.tif,0
580,pattern01/xrxx0179.tif,pattern08/yncn0228.tif,0
581,pattern01/xrxx0179.tif,pattern10/jgcx0170.tif,0
582,pattern01/xrxx0179.tif,pattern10/tfcx0170.tif,0
583,pattern01/xrxx0179.tif,pattern12/gfcj0179.tif,0
584,pattern01/xrxx0179.tif,pattern12/jpcj0179.tif,0
585,pattern01/xrxx0179.tif,pattern12/kfdj0179.tif,0
586,pattern01/xrxx0179.tif,pattern12/kkjx0179.tif,0
587,pattern01/xrxx0179.tif,pattern12/kpjx0179.tif,0
588,pattern01/xrxx0179.tif,pattern12/krxx0179.tif,0
589,pattern01/xrxx0179.tif,pattern12/kzcj0179.tif,0
590,pattern01/xrxx0179.tif,pattern12/lkjx0179.tif,0
591,pattern01/xrxx0179.tif,pattern12/lrjx0179.tif,0
592,pattern01/xrxx0179.tif,pattern12/mgcj0179.tif,0
593,pattern01/xrxx0179.tif,pattern12/ngcj0179.tif,0
594,pattern01/xrxx0179.tif,pattern12/nzcj0179.tif,0
595,pattern01/xrxx0179.tif,pattern12/phhx0179.tif,0
596,pattern01/xrxx0179.tif,pattern12/rkkh0170.tif,0
597,pattern01/xrxx0179.tif,pattern12/sgcj0179.tif,0
598,pattern01/xrxx0179.tif,pattern12/szxx0179.tif,0
599,pattern01/xrxx0179.tif,pattern12/tgdj0179.tif,0
600,pattern01/xrxx0179.tif,pattern12/tkdj0179.tif,0
601,pattern01/xrxx0179.tif,pattern12/txcj0179.tif,0
602,pattern01/xrxx0179.tif,pattern12/xzcj0179.tif,0
603,pattern01/xrxx0179.tif,pattern12/ygdj0179.tif,0
604,pattern01/xrxx0179.tif,pattern12/ygxx0179.tif,0
605,pattern01/xrxx0179.tif,pattern12/zyjx0179.tif,0
606,pattern01/xrxx0179.tif,pattern13/jrpm0220.tif,0
607,pattern01/xrxx0179.tif,pattern13/krpm0220.tif,0
608,pattern01/xrxx0179.tif,pattern13/lrpm0220.tif,0
609,pattern01/xrxx0179.tif,pattern14/gnyx0222.tif,0
610,pattern01/xrxx0179.tif,pattern14/hnyx0222.tif,0
611,pattern01/xrxx0179.tif,pattern14/xnyx0222.tif,0
612,pattern01/xrxx0179.tif,pattern19/lkbn0220.tif,0
613,pattern01/xrxx0179.tif,pattern19/mkbn0220.tif,0
614,pattern01/xrxx0179.tif,pattern19/nkbn0220.tif,0
615,pattern01/xrxx0179.tif,pattern20/gqhw0217.tif,0
616,pattern01/zldj0179.tif,pattern02/ffkh0170.tif,0
617,pattern01/zldj0179.tif,pattern02/kjcx0170.tif,0
619,pattern01/zldj0179.tif,pattern04/flbn0220.tif,0
620,pattern01/zldj0179.tif,pattern04/glbn0220.tif,0
621,pattern01/zldj0179.tif,pattern04/nphv0221.tif,0
623,pattern01/zldj0179.tif,pattern05/fnjn0226.tif,0
625,pattern01/zldj0179.tif,pattern07/gkdb0226.tif,0
626,pattern01/zldj0179.tif,pattern07/pkbn0220.tif,0
627,pattern01/zldj0179.tif,pattern07/qkbn0220.tif,0
629,pattern01/zldj0179.tif,pattern08/htbn0228.tif,0
631,pattern01/zldj0179.tif,pattern10/jgcx0170.tif,0
633,pattern01/zldj0179.tif,pattern12/gfcj0179.tif,0
634,pattern01/zldj0179.tif,pattern12/jpcj0179.tif,0
635,pattern01/zldj0179.tif,pattern12/kfdj0179.tif,0
636,pattern01/zldj0179.tif,pattern12/kkjx0179.tif,0
637,pattern01/zldj0179.tif,pattern12/kpjx0179.tif,0
638,pattern01/zldj0179.tif,pattern12/krxx0179.tif,0
639,pattern01/zldj0179.tif,pattern12/kzcj0179.tif,0
640,pattern01/zldj0179.tif,pattern12/lkjx0179.tif,0
641,pattern01/zldj0179.tif,pattern12/lrjx0179.tif,0
642,pattern01/zldj0179.tif,pattern12/mgcj0179.tif,0
643,pattern01/zldj0179.tif,pattern12/ngcj0179.tif,0
644,pattern01/zldj0179.tif,pattern12/nzcj0179.tif,0
645,pattern01/zldj0179.tif,pattern12/phhx0179.tif,0
646,pattern01/zldj0179.tif,pattern12/rkkh0170.tif,0
647,pattern01/zldj0179.tif,pattern12/sgcj0179.tif,0
648,pattern01/zldj0179.tif,pattern12/szxx0179.tif,0
649,pattern01/zldj0179.tif,pattern12/tgdj0179.tif,0
650,pattern01/zldj0179.tif,pattern12/tkdj0179.tif,0
651,pattern01/zldj0179.tif,pattern12/txcj0179.tif,0
652,pattern01/zldj0179.tif,pattern12/xzcj0179.tif,0
653,pattern01/zldj0179.tif,pattern12/ygdj0179.tif,0
654,pattern01/zldj0179.tif,pattern12/ygxx0179.tif,0
656,pattern01/zldj0179.tif,pattern13/jrpm0220.tif,0
657,pattern01/zldj0179.tif,pattern13/krpm0220.tif,0
659,pattern01/zldj0179.tif,pattern14/gnyx0222.tif,0
660,pattern01/zldj0179.tif,pattern14/hnyx0222.tif,0
662,pattern01/zldj0179.tif,pattern19/lkbn0220.tif,0
663,pattern01/zldj0179.tif,pattern19/mkbn0220.tif,0
666,pattern02/ffkh0170.tif,pattern02/kjcx0170.tif,1
667,pattern02/ffkh0170.tif,pattern02/sfkh0170.tif,1
668,pattern02/ffkh0170.tif,pattern04/flbn0220.tif,0
669,pattern02/ffkh0170.tif,pattern04/glbn0220.tif,0
670,pattern02/ffkh0170.tif,pattern04/nphv0221.tif,0
671,pattern02/ffkh0170.tif,pattern04/zkbn0220.tif,0
672,pattern02/ffkh0170.tif,pattern05/fnjn0226.tif,0
673,pattern02/ffkh0170.tif,pattern05/szjm0228.tif,0
674,pattern02/ffkh0170.tif,pattern07/gkdb0226.tif,0
675,pattern02/ffkh0170.tif,pattern07/pkbn0220.tif,0
676,pattern02/ffkh0170.tif,pattern07/qkbn0220.tif,0
677,pattern02/ffkh0170.tif,pattern07/ykbn0220.tif,0
678,pattern02/ffkh0170.tif,pattern08/htbn0228.tif,0
679,pattern02/ffkh0170.tif,pattern08/yncn0228.tif,0
680,pattern02/ffkh0170.tif,pattern10/jgcx0170.tif,0
681,pattern02/ffkh0170.tif,pattern10/tfcx0170.tif,0
682,pattern02/ffkh0170.tif,pattern12/gfcj0179.tif,0
683,pattern02/ffkh0170.tif,pattern12/jpcj0179.tif,0
684,pattern02/ffkh0170.tif,pattern12/kfdj0179.tif,0
685,pattern02/ffkh0170.tif,pattern12/kkjx0179.tif,0
686,pattern02/ffkh0170.tif,pattern12/kpjx0179.tif,0
687,pattern02/ffkh0170.tif,pattern12/krxx0179.tif,0
688,pattern02/ffkh0170.tif,pattern12/kzcj0179.tif,0
689,pattern02/ffkh0170.tif,pattern12/lkjx0179.tif,0
690,pattern02/ffkh0170.tif,pattern12/lrjx0179.tif,0
691,pattern02/ffkh0170.tif,pattern12/mgcj0179.tif,0
692,pattern02/ffkh0170.tif,pattern12/ngcj0179.tif,0
693,pattern02/ffkh0170.tif,pattern12/nzcj0179.tif,0
694,pattern02/ffkh0170.tif,pattern12/phhx0179.tif,0
695,pattern02/ffkh0170.tif,pattern12/rkkh0170.tif,0
696,pattern02/ffkh0170.tif,pattern12/sgcj0179.tif,0
697,pattern02/ffkh0170.tif,pattern12/szxx0179.tif,0
698,pattern02/ffkh0170.tif,pattern12/tgdj0179.tif,0
699,pattern02/ffkh0170.tif,pattern12/tkdj0179.tif,0
700,pattern02/ffkh0170.tif,pattern12/txcj0179.tif,0
701,pattern02/ffkh0170.tif,pattern12/xzcj0179.tif,0
702,pattern02/ffkh0170.tif,pattern12/ygdj0179.tif,0
703,pattern02/ffkh0170.tif,pattern12/ygxx0179.tif,0
704,pattern02/ffkh0170.tif,pattern12/zyjx0179.tif,0
705,pattern02/ffkh0170.tif,pattern13/jrpm0220.tif,0
706,pattern02/ffkh0170.tif,pattern13/krpm0220.tif,0
707,pattern02/ffkh0170.tif,pattern13/lrpm0220.tif,0
708,pattern02/ffkh0170.tif,pattern14/gnyx0222.tif,0
709,pattern02/ffkh0170.tif,pattern14/hnyx0222.tif,0
710,pattern02/ffkh0170.tif,pattern14/xnyx0222.tif,0
711,pattern02/ffkh0170.tif,pattern19/lkbn0220.tif,0
712,pattern02/ffkh0170.tif,pattern19/mkbn0220.tif,0
713,pattern02/ffkh0170.tif,pattern19/nkbn0220.tif,0
714,pattern02/ffkh0170.tif,pattern20/gqhw0217.tif,0
715,pattern02/kjcx0170.tif,pattern02/sfkh0170.tif,1
716,pattern02/kjcx0170.tif,pattern04/flbn0220.tif,0
717,pattern02/kjcx0170.tif,pattern04/glbn0220.tif,0
718,pattern02/kjcx0170.tif,pattern04/nphv0221.tif,0
719,pattern02/kjcx0170.tif,pattern04/zkbn0220.tif,0
720,pattern02/kjcx0170.tif,pattern05/fnjn0226.tif,0
721,pattern02/kjcx0170.tif,pattern05/szjm0228.tif,0
722,pattern02/kjcx0170.tif,pattern07/gkdb0226.tif,0
723,pattern02/kjcx0170.tif,pattern07/pkbn0220.tif,0
724,pattern02/kjcx0170.tif,pattern07/qkbn0220.tif,0
725,pattern02/kjcx0170.tif,pattern07/ykbn0220.tif,0
726,pattern02/kjcx0170.tif,pattern08/htbn0228.tif,0
727,pattern02/kjcx0170.tif,pattern08/yncn0228.tif,0
728,pattern02/kjcx0170.tif,pattern10/jgcx0170.tif,0
729,pattern02/kjcx0170.tif,pattern10/tfcx0170.tif,0
730,pattern02/kjcx0170.tif,pattern12/gfcj0179.tif,0
731,pattern02/kjcx0170.tif,pattern12/jpcj0179.tif,0
732,pattern02/kjcx0170.tif,pattern12/kfdj0179.tif,0
733,pattern02/kjcx0170.tif,pattern12/kkjx0179.tif,0
734,pattern02/kjcx0170.tif,pattern12/kpjx0179.tif,0
735,pattern02/kjcx0170.tif,pattern12/krxx0179.tif,0
736,pattern02/kjcx0170.tif,pattern12/kzcj0179.tif,0
737,pattern02/kjcx0170.tif,pattern12/lkjx0179.tif,0
738,pattern02/kjcx0170.tif,pattern12/lrjx0179.tif,0
739,pattern02/kjcx0170.tif,pattern12/mgcj0179.tif,0
740,pattern02/kjcx0170.tif,pattern12/ngcj0179.tif,0
741,pattern02/kjcx0170.tif,pattern12/nzcj0179.tif,0
742,pattern02/kjcx0170.tif,pattern12/phhx0179.tif,0
743,pattern02/kjcx0170.tif,pattern12/rkkh0170.tif,0
744,pattern02/kjcx0170.tif,pattern12/sgcj0179.tif,0
745,pattern02/kjcx0170.tif,pattern12/szxx0179.tif,0
746,pattern02/kjcx0170.tif,pattern12/tgdj0179.tif,0
747,pattern02/kjcx0170.tif,pattern12/tkdj0179.tif,0
748,pattern02/kjcx0170.tif,pattern12/txcj0179.tif,0
749,pattern02/kjcx0170.tif,pattern12/xzcj0179.tif,0
750,pattern02/kjcx0170.tif,pattern12/ygdj0179.tif,0
751,pattern02/kjcx0170.tif,pattern12/ygxx0179.tif,0
752,pattern02/kjcx0170.tif,pattern12/zyjx0179.tif,0
753,pattern02/kjcx0170.tif,pattern13/jrpm0220.tif,0
754,pattern02/kjcx0170.tif,pattern13/krpm0220.tif,0
755,pattern02/kjcx0170.tif,pattern13/lrpm0220.tif,0
756,pattern02/kjcx0170.tif,pattern14/gnyx0222.tif,0
757,pattern02/kjcx0170.tif,pattern14/hnyx0222.tif,0
758,pattern02/kjcx0170.tif,pattern14/xnyx0222.tif,0
759,pattern02/kjcx0170.tif,pattern19/lkbn0220.tif,0
760,pattern02/kjcx0170.tif,pattern19/mkbn0220.tif,0
761,pattern02/kjcx0170.tif,pattern19/nkbn0220.tif,0
762,pattern02/kjcx0170.tif,pattern20/gqhw0217.tif,0
763,pattern02/sfkh0170.tif,pattern04/flbn0220.tif,0
764,pattern02/sfkh0170.tif,pattern04/glbn0220.tif,0
765,pattern02/sfkh0170.tif,pattern04/nphv0221.tif,0
767,pattern02/sfkh0170.tif,pattern05/fnjn0226.tif,0
769,pattern02/sfkh0170.tif,pattern07/gkdb0226.tif,0
770,pattern02/sfkh0170.tif,pattern07/pkbn0220.tif,0
771,pattern02/sfkh0170.tif,pattern07/qkbn0220.tif,0
773,pattern02/sfkh0170.tif,pattern08/htbn0228.tif,0
775,pattern02/sfkh0170.tif,pattern10/jgcx0170.tif,0
777,pattern02/sfkh0170.tif,pattern12/gfcj0179.tif,0
778,pattern02/sfkh0170.tif,pattern12/jpcj0179.tif,0
779,pattern02/sfkh0170.tif,pattern12/kfdj0179.tif,0
780,pattern02/sfkh0170.tif,pattern12/kkjx0179.tif,0
781,pattern02/sfkh0170.tif,pattern12/kpjx0179.tif,0
782,pattern02/sfkh0170.tif,pattern12/krxx0179.tif,0
783,pattern02/sfkh0170.tif,pattern12/kzcj0179.tif,0
784,pattern02/sfkh0170.tif,pattern12/lkjx0179.tif,0
785,pattern02/sfkh0170.tif,pattern12/lrjx0179.tif,0
786,pattern02/sfkh0170.tif,pattern12/mgcj0179.tif,0
787,pattern02/sfkh0170.tif,pattern12/ngcj0179.tif,0
788,pattern02/sfkh0170.tif,pattern12/nzcj0179.tif,0
789,pattern02/sfkh0170.tif,pattern12/phhx0179.tif,0
790,pattern02/sfkh0170.tif,pattern12/rkkh0170.tif,0
791,pattern02/sfkh0170.tif,pattern12/sgcj0179.tif,0
792,pattern02/sfkh0170.tif,pattern12/szxx0179.tif,0
793,pattern02/sfkh0170.tif,pattern12/tgdj0179.tif,0
794,pattern02/sfkh0170.tif,pattern12/tkdj0179.tif,0
795,pattern02/sfkh0170.tif,pattern12/txcj0179.tif,0
796,pattern02/sfkh0170.tif,pattern12/xzcj0179.tif,0
797,pattern02/sfkh0170.tif,pattern12/ygdj0179.tif,0
798,pattern02/sfkh0170.tif,pattern12/ygxx0179.tif,0
800,pattern02/sfkh0170.tif,pattern13/jrpm0220.tif,0
801,pattern02/sfkh0170.tif,pattern13/krpm0220.tif,0
803,pattern02/sfkh0170.tif,pattern14/gnyx0222.tif,0
804,pattern02/sfkh0170.tif,pattern14/hnyx0222.tif,0
806,pattern02/sfkh0170.tif,pattern19/lkbn0220.tif,0
807,pattern02/sfkh0170.tif,pattern19/mkbn0220.tif,0
810,pattern04/flbn0220.tif,pattern04/glbn0220.tif,1
811,pattern04/flbn0220.tif,pattern04/nphv0221.tif,1
812,pattern04/flbn0220.tif,pattern04/zkbn0220.tif,1
813,pattern04/flbn0220.tif,pattern05/fnjn0226.tif,0
814,pattern04/flbn0220.tif,pattern05/szjm0228.tif,0
815,pattern04/flbn0220.tif,pattern07/gkdb0226.tif,0
816,pattern04/flbn0220.tif,pattern07/pkbn0220.tif,0
817,pattern04/flbn0220.tif,pattern07/qkbn0220.tif,0
818,pattern04/flbn0220.tif,pattern07/ykbn0220.tif,0
819,pattern04/flbn0220.tif,pattern08/htbn0228.tif,0
820,pattern04/flbn0220.tif,pattern08/yncn0228.tif,0
821,pattern04/flbn0220.tif,pattern10/jgcx0170.tif,0
822,pattern04/flbn0220.tif,pattern10/tfcx0170.tif,0
823,pattern04/flbn0220.tif,pattern12/gfcj0179.tif,0
824,pattern04/flbn0220.tif,pattern12/jpcj0179.tif,0
825,pattern04/flbn0220.tif,pattern12/kfdj0179.tif,0
826,pattern04/flbn0220.tif,pattern12/kkjx0179.tif,0
827,pattern04/flbn0220.tif,pattern12/kpjx0179.tif,0
828,pattern04/flbn0220.tif,pattern12/krxx0179.tif,0
829,pattern04/flbn0220.tif,pattern12/kzcj0179.tif,0
830,pattern04/flbn0220.tif,pattern12/lkjx0179.tif,0
831,pattern04/flbn0220.tif,pattern12/lrjx0179.tif,0
832,pattern04/flbn0220.tif,pattern12/mgcj0179.tif,0
833,pattern04/flbn0220.tif,pattern12/ngcj0179.tif,0
834,pattern04/flbn0220.tif,pattern12/nzcj0179.tif,0
835,pattern04/flbn0220.tif,pattern12/phhx0179.tif,0
836,pattern04/flbn0220.tif,pattern12/rkkh0170.tif,0
837,pattern04/flbn0220.tif,pattern12/sgcj0179.tif,0
838,pattern04/flbn0220.tif,pattern12/szxx0179.tif,0
839,pattern04/flbn0220.tif,pattern12/tgdj0179.tif,0
840,pattern04/flbn0220.tif,pattern12/tkdj0179.tif,0
841,pattern04/flbn0220.tif,pattern12/txcj0179.tif,0
842,pattern04/flbn0220.tif,pattern12/xzcj0179.tif,0
843,pattern04/flbn0220.tif,pattern12/ygdj0179.tif,0
844,pattern04/flbn0220.tif,pattern12/ygxx0179.tif,0
845,pattern04/flbn0220.tif,pattern12/zyjx0179.tif,0
846,pattern04/flbn0220.tif,pattern13/jrpm0220.tif,0
847,pattern04/flbn0220.tif,pattern13/krpm0220.tif,0
848,pattern04/flbn0220.tif,pattern13/lrpm0220.tif,0
849,pattern04/flbn0220.tif,pattern14/gnyx0222.tif,0
850,pattern04/flbn0220.tif,pattern14/hnyx0222.tif,0
851,pattern04/flbn0220.tif,pattern14/xnyx0222.tif,0
852,pattern04/flbn0220.tif,pattern19/lkbn0220.tif,0
853,pattern04/flbn0220.tif,pattern19/mkbn0220.tif,0
854,pattern04/flbn0220.tif,pattern19/nkbn0220.tif,0
855,pattern04/flbn0220.tif,pattern20/gqhw0217.tif,0
856,pattern04/glbn0220.tif,pattern04/nphv0221.tif,1
857,pattern04/glbn0220.tif,pattern04/zkbn0220.tif,1
858,pattern04/glbn0220.tif,pattern05/fnjn0226.tif,0
859,pattern04/glbn0220.tif,pattern05/szjm0228.tif,0
860,pattern04/glbn0220.tif,pattern07/gkdb0226.tif,0
861,pattern04/glbn0220.tif,pattern07/pkbn0220.tif,0
862,pattern04/glbn0220.tif,pattern07/qkbn0220.tif,0
863,pattern04/glbn0220.tif,pattern07/ykbn0220.tif,0
864,pattern04/glbn0220.tif,pattern08/htbn0228.tif,0
865,pattern04/glbn0220.tif,pattern08/yncn0228.tif,0
866,pattern04/glbn0220.tif,pattern10/jgcx0170.tif,0
867,pattern04/glbn0220.tif,pattern10/tfcx0170.tif,0
868,pattern04/glbn0220.tif,pattern12/gfcj0179.tif,0
869,pattern04/glbn0220.tif,pattern12/jpcj0179.tif,0
870,pattern04/glbn0220.tif,pattern12/kfdj0179.tif,0
871,pattern04/glbn0220.tif,pattern12/kkjx0179.tif,0
872,pattern04/glbn0220.tif,pattern12/kpjx0179.tif,0
873,pattern04/glbn0220.tif,pattern12/krxx0179.tif,0
874,pattern04/glbn0220.tif,pattern12/kzcj0179.tif,0
875,pattern04/glbn0220.tif,pattern12/lkjx0179.tif,0
876,pattern04/glbn0220.tif,pattern12/lrjx0179.tif,0
877,pattern04/glbn0220.tif,pattern12/mgcj0179.tif,0
878,pattern04/glbn0220.tif,pattern12/ngcj0179.tif,0
879,pattern04/glbn0220.tif,pattern12/nzcj0179.tif,0
880,pattern04/glbn0220.tif,pattern12/phhx0179.tif,0
881,pattern04/glbn0220.tif,pattern12/rkkh0170.tif,0
882,pattern04/glbn0220.tif,pattern12/sgcj0179.tif,0
883,pattern04/glbn0220.tif,pattern12/szxx0179.tif,0
884,pattern04/glbn0220.tif,pattern12/tgdj0179.tif,0
885,pattern04/glbn0220.tif,pattern12/tkdj0179.tif,0
886,pattern04/glbn0220.tif,pattern12/txcj0179.tif,0
887,pattern04/glbn0220.tif,pattern12/xzcj0179.tif,0
888,pattern04/glbn0220.tif,pattern12/ygdj0179.tif,0
889,pattern04/glbn0220.tif,pattern12/ygxx0179.tif,0
890,pattern04/glbn0220.tif,pattern12/zyjx0179.tif,0
891,pattern04/glbn0220.tif,pattern13/jrpm0220.tif,0
892,pattern04/glbn0220.tif,pattern13/krpm0220.tif,0
893,pattern04/glbn0220.tif,pattern13/lrpm0220.tif,0
894,pattern04/glbn0220.tif,pattern14/gnyx0222.tif,0
895,pattern04/glbn0220.tif,pattern14/hnyx0222.tif,0
896,pattern04/glbn0220.tif,pattern14/xnyx0222.tif,0
897,pattern04/glbn0220.tif,pattern19/lkbn0220.tif,0
898,pattern04/glbn0220.tif,pattern19/mkbn0220.tif,0
899,pattern04/glbn0220.tif,pattern19/nkbn0220.tif,0
900,pattern04/glbn0220.tif,pattern20/gqhw0217.tif,0
901,pattern04/nphv0221.tif,pattern04/zkbn0220.tif,1
902,pattern04/nphv0221.tif,pattern05/fnjn0226.tif,0
903,pattern04/nphv0221.tif,pattern05/szjm0228.tif,0
904,pattern04/nphv0221.tif,pattern07/gkdb0226.tif,0
905,pattern04/nphv0221.tif,pattern07/pkbn0220.tif,0
906,pattern04/nphv0221.tif,pattern07/qkbn0220.tif,0
907,pattern04/nphv0221.tif,pattern07/ykbn0220.tif,0
908,pattern04/nphv0221.tif,pattern08/htbn0228.tif,0
909,pattern04/nphv0221.tif,pattern08/yncn0228.tif,0
910,pattern04/nphv0221.tif,pattern10/jgcx0170.tif,0
911,pattern04/nphv0221.tif,pattern10/tfcx0170.tif,0
912,pattern04/nphv0221.tif,pattern12/gfcj0179.tif,0
913,pattern04/nphv0221.tif,pattern12/jpcj0179.tif,0
914,pattern04/nphv0221.tif,pattern12/kfdj0179.tif,0
915,pattern04/nphv0221.tif,pattern12/kkjx0179.tif,0
916,pattern04/nphv0221.tif,pattern12/kpjx0179.tif,0
917,pattern04/nphv0221.tif,pattern12/krxx0179.tif,0
918,pattern04/nphv0221.tif,pattern12/kzcj0179.tif,0
919,pattern04/nphv0221.tif,pattern12/lkjx0179.tif,0
920,pattern04/nphv0221.tif,pattern12/lrjx0179.tif,0
921,pattern04/nphv0221.tif,pattern12/mgcj0179.tif,0
922,pattern04/nphv0221.tif,pattern12/ngcj0179.tif,0
923,pattern04/nphv0221.tif,pattern12/nzcj0179.tif,0
924,pattern04/nphv0221.tif,pattern12/phhx0179.tif,0
925,pattern04/nphv0221.tif,pattern12/rkkh0170.tif,0
926,pattern04/nphv0221.tif,pattern12/sgcj0179.tif,0
927,pattern04/nphv0221.tif,pattern12/szxx0179.tif,0
928,pattern04/nphv0221.tif,pattern12/tgdj0179.tif,0
929,pattern04/nphv0221.tif,pattern12/tkdj0179.tif,0
930,pattern04/nphv0221.tif,pattern12/txcj0179.tif,0
931,pattern04/nphv0221.tif,pattern12/xzcj0179.tif,0
932,pattern04/nphv0221.tif,pattern12/ygdj0179.tif,0
933,pattern04/nphv0221.tif,pattern12/ygxx0179.tif,0
934,pattern04/nphv0221.tif,pattern12/zyjx0179.tif,0
935,pattern04/nphv0221.tif,pattern13/jrpm0220.tif,0
936,pattern04/nphv0221.tif,pattern13/krpm0220.tif,0
937,pattern04/nphv0221.tif,pattern13/lrpm0220.tif,0
938,pattern04/nphv0221.tif,pattern14/gnyx0222.tif,0
939,pattern04/nphv0221.tif,pattern14/hnyx0222.tif,0
940,pattern04/nphv0221.tif,pattern14/xnyx0222.tif,0
941,pattern04/nphv0221.tif,pattern19/lkbn0220.tif,0
942,pattern04/nphv0221.tif,pattern19/mkbn0220.tif,0
943,pattern04/nphv0221.tif,pattern19/nkbn0220.tif,0
944,pattern04/nphv0221.tif,pattern20/gqhw0217.tif,0
945,pattern04/zkbn0220.tif,pattern05/fnjn0226.tif,0
947,pattern04/zkbn0220.tif,pattern07/gkdb0226.tif,0
948,pattern04/zkbn0220.tif,pattern07/pkbn0220.tif,0
949,pattern04/zkbn0220.tif,pattern07/qkbn0220.tif,0
951,pattern04/zkbn0220.tif,pattern08/htbn0228.tif,0
953,pattern04/zkbn0220.tif,pattern10/jgcx0170.tif,0
955,pattern04/zkbn0220.tif,pattern12/gfcj0179.tif,0
956,pattern04/zkbn0220.tif,pattern12/jpcj0179.tif,0
957,pattern04/zkbn0220.tif,pattern12/kfdj0179.tif,0
958,pattern04/zkbn0220.tif,pattern12/kkjx0179.tif,0
959,pattern04/zkbn0220.tif,pattern12/kpjx0179.tif,0
960,pattern04/zkbn0220.tif,pattern12/krxx0179.tif,0
961,pattern04/zkbn0220.tif,pattern12/kzcj0179.tif,0
962,pattern04/zkbn0220.tif,pattern12/lkjx0179.tif,0
963,pattern04/zkbn0220.tif,pattern12/lrjx0179.tif,0
964,pattern04/zkbn0220.tif,pattern12/mgcj0179.tif,0
965,pattern04/zkbn0220.tif,pattern12/ngcj0179.tif,0
966,pattern04/zkbn0220.tif,pattern12/nzcj0179.tif,0
967,pattern04/zkbn0220.tif,pattern12/phhx0179.tif,0
968,pattern04/zkbn0220.tif,pattern12/rkkh0170.tif,0
969,pattern04/zkbn0220.tif,pattern12/sgcj0179.tif,0
970,pattern04/zkbn0220.tif,pattern12/szxx0179.tif,0
971,pattern04/zkbn0220.tif,pattern12/tgdj0179.tif,0
972,pattern04/zkbn0220.tif,pattern12/tkdj0179.tif,0
973,pattern04/zkbn0220.tif,pattern12/txcj0179.tif,0
974,pattern04/zkbn0220.tif,pattern12/xzcj0179.tif,0
975,pattern04/zkbn0220.tif,pattern12/ygdj0179.tif,0
976,pattern04/zkbn0220.tif,pattern12/ygxx0179.tif,0
978,pattern04/zkbn0220.tif,pattern13/jrpm0220.tif,0
979,pattern04/zkbn0220.tif,pattern13/krpm0220.tif,0
981,pattern04/zkbn0220.tif,pattern14/gnyx0222.tif,0
982,pattern04/zkbn0220.tif,pattern14/hnyx0222.tif,0
984,pattern04/zkbn0220.tif,pattern19/lkbn0220.tif,0
985,pattern04/zkbn0220.tif,pattern19/mkbn0220.tif,0
988,pattern05/fnjn0226.tif,pattern05/szjm0228.tif,1
989,pattern05/fnjn0226.tif,pattern07/gkdb0226.tif,0
990,pattern05/fnjn0226.tif,pattern07/pkbn0220.tif,0
991,pattern05/fnjn0226.tif,pattern07/qkbn0220.tif,0
992,pattern05/fnjn0226.tif,pattern07/ykbn0220.tif,0
993,pattern05/fnjn0226.tif,pattern08/htbn0228.tif,0
994,pattern05/fnjn0226.tif,pattern08/yncn0228.tif,0
995,pattern05/fnjn0226.tif,pattern10/jgcx0170.tif,0
996,pattern05/fnjn0226.tif,pattern10/tfcx0170.tif,0
997,pattern05/fnjn0226.tif,pattern12/gfcj0179.tif,0
998,pattern05/fnjn0226.tif,pattern12/jpcj0179.tif,0
999,pattern05/fnjn0226.tif,pattern12/kfdj0179.tif,0
1000,pattern05/fnjn0226.tif,pattern12/kkjx0179.tif,0
1001,pattern05/fnjn0226.tif,pattern12/kpjx0179.tif,0
1002,pattern05/fnjn0226.tif,pattern12/krxx0179.tif,0
1003,pattern05/fnjn0226.tif,pattern12/kzcj0179.tif,0
1004,pattern05/fnjn0226.tif,pattern12/lkjx0179.tif,0
1005,pattern05/fnjn0226.tif,pattern12/lrjx0179.tif,0
1006,pattern05/fnjn0226.tif,pattern12/mgcj0179.tif,0
1007,pattern05/fnjn0226.tif,pattern12/ngcj0179.tif,0
1008,pattern05/fnjn0226.tif,pattern12/nzcj0179.tif,0
1009,pattern05/fnjn0226.tif,pattern12/phhx0179.tif,0
1010,pattern05/fnjn0226.tif,pattern12/rkkh0170.tif,0
1011,pattern05/fnjn0226.tif,pattern12/sgcj0179.tif,0
1012,pattern05/fnjn0226.tif,pattern12/szxx0179.tif,0
1013,pattern05/fnjn0226.tif,pattern12/tgdj0179.tif,0
1014,pattern05/fnjn0226.tif,pattern12/tkdj0179.tif,0
1015,pattern05/fnjn0226.tif,pattern12/txcj0179.tif,0
1016,pattern05/fnjn0226.tif,pattern12/xzcj0179.tif,0
1017,pattern05/fnjn0226.tif,pattern12/ygdj0179.tif,0
1018,pattern05/fnjn0226.tif,pattern12/ygxx0179.tif,0
1019,pattern05/fnjn0226.tif,pattern12/zyjx0179.tif,0
1020,pattern05/fnjn0226.tif,pattern13/jrpm0220.tif,0
1021,pattern05/fnjn0226.tif,pattern13/krpm0220.tif,0
1022,pattern05/fnjn0226.tif,pattern13/lrpm0220.tif,0
1023,pattern05/fnjn0226.tif,pattern14/gnyx0222.tif,0
1024,pattern05/fnjn0226.tif,pattern14/hnyx0222.tif,0
1025,pattern05/fnjn0226.tif,pattern14/xnyx0222.tif,0
1026,pattern05/fnjn0226.tif,pattern19/lkbn0220.tif,0
1027,pattern05/fnjn0226.tif,pattern19/mkbn0220.tif,0
1028,pattern05/fnjn0226.tif,pattern19/nkbn0220.tif,0
1029,pattern05/fnjn0226.tif,pattern20/gqhw0217.tif,0
1030,pattern05/szjm0228.tif,pattern07/gkdb0226.tif,0
1031,pattern05/szjm0228.tif,pattern07/pkbn0220.tif,0
1032,pattern05/szjm0228.tif,pattern07/qkbn0220.tif,0
1034,pattern05/szjm0228.tif,pattern08/htbn0228.tif,0
1036,pattern05/szjm0228.tif,pattern10/jgcx0170.tif,0
1038,pattern05/szjm0228.tif,pattern12/gfcj0179.tif,0
1039,pattern05/szjm0228.tif,pattern12/jpcj0179.tif,0
1040,pattern05/szjm0228.tif,pattern12/kfdj0179.tif,0
1041,pattern05/szjm0228.tif,pattern12/kkjx0179.tif,0
1042,pattern05/szjm0228.tif,pattern12/kpjx0179.tif,0
1043,pattern05/szjm0228.tif,pattern12/krxx0179.tif,0
1044,pattern05/szjm0228.tif,pattern12/kzcj0179.tif,0
1045,pattern05/szjm0228.tif,pattern12/lkjx0179.tif,0
1046,pattern05/szjm0228.tif,pattern12/lrjx0179.tif,0
1047,pattern05/szjm0228.tif,pattern12/mgcj0179.tif,0
1048,pattern05/szjm0228.tif,pattern12/ngcj0179.tif,0
1049,pattern05/szjm0228.tif,pattern12/nzcj0179.tif,0
1050,pattern05/szjm0228.tif,pattern12/phhx0179.tif,0
1051,pattern05/szjm0228.tif,pattern12/rkkh0170.tif,0
1052,pattern05/szjm0228.tif,pattern12/sgcj0179.tif,0
1053,pattern05/szjm0228.tif,pattern12/szxx0179.tif,0
1054,pattern05/szjm0228.tif,pattern12/tgdj0179.tif,0
1055,pattern05/szjm0228.tif,pattern12/tkdj0179.tif,0
1056,pattern05/szjm0228.tif,pattern12/txcj0179.tif,0
1057,pattern05/szjm0228.tif,pattern12/xzcj0179.tif,0
1058,pattern05/szjm0228.tif,pattern12/ygdj0179.tif,0
1059,pattern05/szjm0228.tif,pattern12/ygxx0179.tif,0
1061,pattern05/szjm0228.tif,pattern13/jrpm0220.tif,0
1062,pattern05/szjm0228.tif,pattern13/krpm0220.tif,0
1064,pattern05/szjm0228.tif,pattern14/gnyx0222.tif,0
1065,pattern05/szjm0228.tif,pattern14/hnyx0222.tif,0
1067,pattern05/szjm0228.tif,pattern19/lkbn0220.tif,0
1068,pattern05/szjm0228.tif,pattern19/mkbn0220.tif,0
1071,pattern07/gkdb0226.tif,pattern07/pkbn0220.tif,1
1072,pattern07/gkdb0226.tif,pattern07/qkbn0220.tif,1
1073,pattern07/gkdb0226.tif,pattern07/ykbn0220.tif,1
1074,pattern07/gkdb0226.tif,pattern08/htbn0228.tif,0
1075,pattern07/gkdb0226.tif,pattern08/yncn0228.tif,0
1076,pattern07/gkdb0226.tif,pattern10/jgcx0170.tif,0
1077,pattern07/gkdb0226.tif,pattern10/tfcx0170.tif,0
1078,pattern07/gkdb0226.tif,pattern12/gfcj0179.tif,0
1079,pattern07/gkdb0226.tif,pattern12/jpcj0179.tif,0
1080,pattern07/gkdb0226.tif,pattern12/kfdj0179.tif,0
1081,pattern07/gkdb0226.tif,pattern12/kkjx0179.tif,0
1082,pattern07/gkdb0226.tif,pattern12/kpjx0179.tif,0
1083,pattern07/gkdb0226.tif,pattern12/krxx0179.tif,0
1084,pattern07/gkdb0226.tif,pattern12/kzcj0179.tif,0
1085,pattern07/gkdb0226.tif,pattern12/lkjx0179.tif,0
1086,pattern07/gkdb0226.tif,pattern12/lrjx0179.tif,0
1087,pattern07/gkdb0226.tif,pattern12/mgcj0179.tif,0
1088,pattern07/gkdb0226.tif,pattern12/ngcj0179.tif,0
1089,pattern07/gkdb0226.tif,pattern12/nzcj0179.tif,0
1090,pattern07/gkdb0226.tif,pattern12/phhx0179.tif,0
1091,pattern07/gkdb0226.tif,pattern12/rkkh0170.tif,0
1092,pattern07/gkdb0226.tif,pattern12/sgcj0179.tif,0
1093,pattern07/gkdb0226.tif,pattern12/szxx0179.tif,0
1094,pattern07/gkdb0226.tif,pattern12/tgdj0179.tif,0
1095,pattern07/gkdb0226.tif,pattern12/tkdj0179.tif,0
1096,pattern07/gkdb0226.tif,pattern12/txcj0179.tif,0
1097,pattern07/gkdb0226.tif,pattern12/xzcj0179.tif,0
1098,pattern07/gkdb0226.tif,pattern12/ygdj0179.tif,0
1099,pattern07/gkdb0226.tif,pattern12/ygxx0179.tif,0
1100,pattern07/gkdb0226.tif,pattern12/zyjx0179.tif,0
1101,pattern07/gkdb0226.tif,pattern13/jrpm0220.tif,0
1102,pattern07/gkdb0226.tif,pattern13/krpm0220.tif,0
1103,pattern07/gkdb0226.tif,pattern13/lrpm0220.tif,0
1104,pattern07/gkdb0226.tif,pattern14/gnyx0222.tif,0
1105,pattern07/gkdb0226.tif,pattern14/hnyx0222.tif,0
1106,pattern07/gkdb0226.tif,pattern14/xnyx0222.tif,0
1107,pattern07/gkdb0226.tif,pattern19/lkbn0220.tif,0
1108,pattern07/gkdb0226.tif,pattern19/mkbn0220.tif,0
1109,pattern07/gkdb0226.tif,pattern19/nkbn0220.tif,0
1110,pattern07/gkdb0226.tif,pattern20/gqhw0217.tif,0
1111,pattern07/pkbn0220.tif,pattern07/qkbn0220.tif,1
1112,pattern07/pkbn0220.tif,pattern07/ykbn0220.tif,1
1113,pattern07/pkbn0220.tif,pattern08/htbn0228.tif,0
1114,pattern07/pkbn0220.tif,pattern08/yncn0228.tif,0
1115,pattern07/pkbn0220.tif,pattern10/jgcx0170.tif,0
1116,pattern07/pkbn0220.tif,pattern10/tfcx0170.tif,0
1117,pattern07/pkbn0220.tif,pattern12/gfcj0179.tif,0
1118,pattern07/pkbn0220.tif,pattern12/jpcj0179.tif,0
1119,pattern07/pkbn0220.tif,pattern12/kfdj0179.tif,0
1120,pattern07/pkbn0220.tif,pattern12/kkjx0179.tif,0
1121,pattern07/pkbn0220.tif,pattern12/kpjx0179.tif,0
1122,pattern07/pkbn0220.tif,pattern12/krxx0179.tif,0
1123,pattern07/pkbn0220.tif,pattern12/kzcj0179.tif,0
1124,pattern07/pkbn0220.tif,pattern12/lkjx0179.tif,0
1125,pattern07/pkbn0220.tif,pattern12/lrjx0179.tif,0
1126,pattern07/pkbn0220.tif,pattern12/mgcj0179.tif,0
1127,pattern07/pkbn0220.tif,pattern12/ngcj0179.tif,0
1128,pattern07/pkbn0220.tif,pattern12/nzcj0179.tif,0
1129,pattern07/pkbn0220.tif,pattern12/phhx0179.tif,0
1130,pattern07/pkbn0220.tif,pattern12/rkkh0170.tif,0
1131,pattern07/pkbn0220.tif,pattern12/sgcj0179.tif,0
1132,pattern07/pkbn0220.tif,pattern12/szxx0179.tif,0
1133,pattern07/pkbn0220.tif,pattern12/tgdj0179.tif,0
1134,pattern07/pkbn0220.tif,pattern12/tkdj0179.tif,0
1135,pattern07/pkbn0220.tif,pattern12/txcj0179.tif,0
1136,pattern07/pkbn0220.tif,pattern12/xzcj0179.tif,0
1137,pattern07/pkbn0220.tif,pattern12/ygdj0179.tif,0
1138,pattern07/pkbn0220.tif,pattern12/ygxx0179.tif,0
1139,pattern07/pkbn0220.tif,pattern12/zyjx0179.tif,0
1140,pattern07/pkbn0220.tif,pattern13/jrpm0220.tif,0
1141,pattern07/pkbn0220.tif,pattern13/krpm0220.tif,0
1142,pattern07/pkbn0220.tif,pattern13/lrpm0220.tif,0
1143,pattern07/pkbn0220.tif,pattern14/gnyx0222.tif,0
1144,pattern07/pkbn0220.tif,pattern14/hnyx0222.tif,0
1145,pattern07/pkbn0220.tif,pattern14/xnyx0222.tif,0
1146,pattern07/pkbn0220.tif,pattern19/lkbn0220.tif,0
1147,pattern07/pkbn0220.tif,pattern19/mkbn0220.tif,0
1148,pattern07/pkbn0220.tif,pattern19/nkbn0220.tif,0
1149,pattern07/pkbn0220.tif,pattern20/gqhw0217.tif,0
1150,pattern07/qkbn0220.tif,pattern07/ykbn0220.tif,1
1151,pattern07/qkbn0220.tif,pattern08/htbn0228.tif,0
1152,pattern07/qkbn0220.tif,pattern08/yncn0228.tif,0
1153,pattern07/qkbn0220.tif,pattern10/jgcx0170.tif,0
1154,pattern07/qkbn0220.tif,pattern10/tfcx0170.tif,0
1155,pattern07/qkbn0220.tif,pattern12/gfcj0179.tif,0
1156,pattern07/qkbn0220.tif,pattern12/jpcj0179.tif,0
1157,pattern07/qkbn0220.tif,pattern12/kfdj0179.tif,0
1158,pattern07/qkbn0220.tif,pattern12/kkjx0179.tif,0
1159,pattern07/qkbn0220.tif,pattern12/kpjx0179.tif,0
1160,pattern07/qkbn0220.tif,pattern12/krxx0179.tif,0
1161,pattern07/qkbn0220.tif,pattern12/kzcj0179.tif,0
1162,pattern07/qkbn0220.tif,pattern12/lkjx0179.tif,0
1163,pattern07/qkbn0220.tif,pattern12/lrjx0179.tif,0
1164,pattern07/qkbn0220.tif,pattern12/mgcj0179.tif,0
1165,pattern07/qkbn0220.tif,pattern12/ngcj0179.tif,0
1166,pattern07/qkbn0220.tif,pattern12/nzcj0179.tif,0
1167,pattern07/qkbn0220.tif,pattern12/phhx0179.tif,0
1168,pattern07/qkbn0220.tif,pattern12/rkkh0170.tif,0
1169,pattern07/qkbn0220.tif,pattern12/sgcj0179.tif,0
1170,pattern07/qkbn0220.tif,pattern12/szxx0179.tif,0
1171,pattern07/qkbn0220.tif,pattern12/tgdj0179.tif,0
1172,pattern07/qkbn0220.tif,pattern12/tkdj0179.tif,0
1173,pattern07/qkbn0220.tif,pattern12/txcj0179.tif,0
1174,pattern07/qkbn0220.tif,pattern12/xzcj0179.tif,0
1175,pattern07/qkbn0220.tif,pattern12/ygdj0179.tif,0
1176,pattern07/qkbn0220.tif,pattern12/ygxx0179.tif,0
1177,pattern07/qkbn0220.tif,pattern12/zyjx0179.tif,0
1178,pattern07/qkbn0220.tif,pattern13/jrpm0220.tif,0
1179,pattern07/qkbn0220.tif,pattern13/krpm0220.tif,0
1180,pattern07/qkbn0220.tif,pattern13/lrpm0220.tif,0
1181,pattern07/qkbn0220.tif,pattern14/gnyx0222.tif,0
1182,pattern07/qkbn0220.tif,pattern14/hnyx0222.tif,0
1183,pattern07/qkbn0220.tif,pattern14/xnyx0222.tif,0
1184,pattern07/qkbn0220.tif,pattern19/lkbn0220.tif,0
1185,pattern07/qkbn0220.tif,pattern19/mkbn0220.tif,0
1186,pattern07/qkbn0220.tif,pattern19/nkbn0220.tif,0
1187,pattern07/qkbn0220.tif,pattern20/gqhw0217.tif,0
1188,pattern07/ykbn0220.tif,pattern08/htbn0228.tif,0
1190,pattern07/ykbn0220.tif,pattern10/jgcx0170.tif,0
1192,pattern07/ykbn0220.tif,pattern12/gfcj0179.tif,0
1193,pattern07/ykbn0220.tif,pattern12/jpcj0179.tif,0
1194,pattern07/ykbn0220.tif,pattern12/kfdj0179.tif,0
1195,pattern07/ykbn0220.tif,pattern12/kkjx0179.tif,0
1196,pattern07/ykbn0220.tif,pattern12/kpjx0179.tif,0
1197,pattern07/ykbn0220.tif,pattern12/krxx0179.tif,0
1198,pattern07/ykbn0220.tif,pattern12/kzcj0179.tif,0
1199,pattern07/ykbn0220.tif,pattern12/lkjx0179.tif,0
1200,pattern07/ykbn0220.tif,pattern12/lrjx0179.tif,0
1201,pattern07/ykbn0220.tif,pattern12/mgcj0179.tif,0
1202,pattern07/ykbn0220.tif,pattern12/ngcj0179.tif,0
1203,pattern07/ykbn0220.tif,pattern12/nzcj0179.tif,0
1204,pattern07/ykbn0220.tif,pattern12/phhx0179.tif,0
1205,pattern07/ykbn0220.tif,pattern12/rkkh0170.tif,0
1206,pattern07/ykbn0220.tif,pattern12/sgcj0179.tif,0
1207,pattern07/ykbn0220.tif,pattern12/szxx0179.tif,0
1208,pattern07/ykbn0220.tif,pattern12/tgdj0179.tif,0
1209,pattern07/ykbn0220.tif,pattern12/tkdj0179.tif,0
1210,pattern07/ykbn0220.tif,pattern12/txcj0179.tif,0
1211,pattern07/ykbn0220.tif,pattern12/xzcj0179.tif,0
1212,pattern07/ykbn0220.tif,pattern12/ygdj0179.tif,0
1213,pattern07/ykbn0220.tif,pattern12/ygxx0179.tif,0
1215,pattern07/ykbn0220.tif,pattern13/jrpm0220.tif,0
1216,pattern07/ykbn0220.tif,pattern13/krpm0220.tif,0
1218,pattern07/ykbn0220.tif,pattern14/gnyx0222.tif,0
1219,pattern07/ykbn0220.tif,pattern14/hnyx0222.tif,0
1221,pattern07/ykbn0220.tif,pattern19/lkbn0220.tif,0
1222,pattern07/ykbn0220.tif,pattern19/mkbn0220.tif,0
1225,pattern08/htbn0228.tif,pattern08/yncn0228.tif,1
1226,pattern08/htbn0228.tif,pattern10/jgcx0170.tif,0
1227,pattern08/htbn0228.tif,pattern10/tfcx0170.tif,0
1228,pattern08/htbn0228.tif,pattern12/gfcj0179.tif,0
1229,pattern08/htbn0228.tif,pattern12/jpcj0179.tif,0
1230,pattern08/htbn0228.tif,pattern12/kfdj0179.tif,0
1231,pattern08/htbn0228.tif,pattern12/kkjx0179.tif,0
1232,pattern08/htbn0228.tif,pattern12/kpjx0179.tif,0
1233,pattern08/htbn0228.tif,pattern12/krxx0179.tif,0
1234,pattern08/htbn0228.tif,pattern12/kzcj0179.tif,0
1235,pattern08/htbn0228.tif,pattern12/lkjx0179.tif,0
1236,pattern08/htbn0228.tif,pattern12/lrjx0179.tif,0
1237,pattern08/htbn0228.tif,pattern12/mgcj0179.tif,0
1238,pattern08/htbn0228.tif,pattern12/ngcj0179.tif,0
1239,pattern08/htbn0228.tif,pattern12/nzcj0179.tif,0
1240,pattern08/htbn0228.tif,pattern12/phhx0179.tif,0
1241,pattern08/htbn0228.tif,pattern12/rkkh0170.tif,0
1242,pattern08/htbn0228.tif,pattern12/sgcj0179.tif,0
1243,pattern08/htbn0228.tif,pattern12/szxx0179.tif,0
1244,pattern08/htbn0228.tif,pattern12/tgdj0179.tif,0
1245,pattern08/htbn0228.tif,pattern12/tkdj0179.tif,0
1246,pattern08/htbn0228.tif,pattern12/txcj0179.tif,0
1247,pattern08/htbn0228.tif,pattern12/xzcj0179.tif,0
1248,pattern08/htbn0228.tif,pattern12/ygdj0179.tif,0
1249,pattern08/htbn0228.tif,pattern12/ygxx0179.tif,0
1250,pattern08/htbn0228.tif,pattern12/zyjx0179.tif,0
1251,pattern08/htbn0228.tif,pattern13/jrpm0220.tif,0
1252,pattern08/htbn0228.tif,pattern13/krpm0220.tif,0
1253,pattern08/htbn0228.tif,pattern13/lrpm0220.tif,0
1254,pattern08/htbn0228.tif,pattern14/gnyx0222.tif,0
1255,pattern08/htbn0228.tif,pattern14/hnyx0222.tif,0
1256,pattern08/htbn0228.tif,pattern14/xnyx0222.tif,0
1257,pattern08/htbn0228.tif,pattern19/lkbn0220.tif,0
1258,pattern08/htbn0228.tif,pattern19/mkbn0220.tif,0
1259,pattern08/htbn0228.tif,pattern19/nkbn0220.tif,0
1260,pattern08/htbn0228.tif,pattern20/gqhw0217.tif,0
1261,pattern08/yncn0228.tif,pattern10/jgcx0170.tif,0
1263,pattern08/yncn0228.tif,pattern12/gfcj0179.tif,0
1264,pattern08/yncn0228.tif,pattern12/jpcj0179.tif,0
1265,pattern08/yncn0228.tif,pattern12/kfdj0179.tif,0
1266,pattern08/yncn0228.tif,pattern12/kkjx0179.tif,0
1267,pattern08/yncn0228.tif,pattern12/kpjx0179.tif,0
1268,pattern08/yncn0228.tif,pattern12/krxx0179.tif,0
1269,pattern08/yncn0228.tif,pattern12/kzcj0179.tif,0
1270,pattern08/yncn0228.tif,pattern12/lkjx0179.tif,0
1271,pattern08/yncn0228.tif,pattern12/lrjx0179.tif,0
1272,pattern08/yncn0228.tif,pattern12/mgcj0179.tif,0
1273,pattern08/yncn0228.tif,pattern12/ngcj0179.tif,0
1274,pattern08/yncn0228.tif,pattern12/nzcj0179.tif,0
1275,pattern08/yncn0228.tif,pattern12/phhx0179.tif,0
1276,pattern08/yncn0228.tif,pattern12/rkkh0170.tif,0
1277,pattern08/yncn0228.tif,pattern12/sgcj0179.tif,0
1278,pattern08/yncn0228.tif,pattern12/szxx0179.tif,0
1279,pattern08/yncn0228.tif,pattern12/tgdj0179.tif,0
1280,pattern08/yncn0228.tif,pattern12/tkdj0179.tif,0
1281,pattern08/yncn0228.tif,pattern12/txcj0179.tif,0
1282,pattern08/yncn0228.tif,pattern12/xzcj0179.tif,0
1283,pattern08/yncn0228.tif,pattern12/ygdj0179.tif,0
1284,pattern08/yncn0228.tif,pattern12/ygxx0179.tif,0
1286,pattern08/yncn0228.tif,pattern13/jrpm0220.tif,0
1287,pattern08/yncn0228.tif,pattern13/krpm0220.tif,0
1289,pattern08/yncn0228.tif,pattern14/gnyx0222.tif,0
1290,pattern08/yncn0228.tif,pattern14/hnyx0222.tif,0
1292,pattern08/yncn0228.tif,pattern19/lkbn0220.tif,0
1293,pattern08/yncn0228.tif,pattern19/mkbn0220.tif,0
1296,pattern10/jgcx0170.tif,pattern10/tfcx0170.tif,1
1297,pattern10/jgcx0170.tif,pattern12/gfcj0179.tif,0
1298,pattern10/jgcx0170.tif,pattern12/jpcj0179.tif,0
1299,pattern10/jgcx0170.tif,pattern12/kfdj0179.tif,0
1300,pattern10/jgcx0170.tif,pattern12/kkjx0179.tif,0
1301,pattern10/jgcx0170.tif,pattern12/kpjx0179.tif,0
1302,pattern10/jgcx0170.tif,pattern12/krxx0179.tif,0
1303,pattern10/jgcx0170.tif,pattern12/kzcj0179.tif,0
1304,pattern10/jgcx0170.tif,pattern12/lkjx0179.tif,0
1305,pattern10/jgcx0170.tif,pattern12/lrjx0179.tif,0
1306,pattern10/jgcx0170.tif,pattern12/mgcj0179.tif,0
1307,pattern10/jgcx0170.tif,pattern12/ngcj0179.tif,0
1308,pattern10/jgcx0170.tif,pattern12/nzcj0179.tif,0
1309,pattern10/jgcx0170.tif,pattern12/phhx0179.tif,0
1310,pattern10/jgcx0170.tif,pattern12/rkkh0170.tif,0
1311,pattern10/jgcx0170.tif,pattern12/sgcj0179.tif,0
1312,pattern10/jgcx0170.tif,pattern12/szxx0179.tif,0
1313,pattern10/jgcx0170.tif,pattern12/tgdj0179.tif,0
1314,pattern10/jgcx0170.tif,pattern12/tkdj0179.tif,0
1315,pattern10/jgcx0170.tif,pattern12/txcj0179.tif,0
1316,pattern10/jgcx0170.tif,pattern12/xzcj0179.tif,0
1317,pattern10/jgcx0170.tif,pattern12/ygdj0179.tif,0
1318,pattern10/jgcx0170.tif,pattern12/ygxx0179.tif,0
1319,pattern10/jgcx0170.tif,pattern12/zyjx0179.tif,0
1320,pattern10/jgcx0170.tif,pattern13/jrpm0220.tif,0
1321,pattern10/jgcx0170.tif,pattern13/krpm0220.tif,0
1322,pattern10/jgcx0170.tif,pattern13/lrpm0220.tif,0
1323,pattern10/jgcx0170.tif,pattern14/gnyx0222.tif,0
1324,pattern10/jgcx0170.tif,pattern14/hnyx0222.tif,0
1325,pattern10/jgcx0170.tif,pattern14/xnyx0222.tif,0
1326,pattern10/jgcx0170.tif,pattern19/lkbn0220.tif,0
1327,pattern10/jgcx0170.tif,pattern19/mkbn0220.tif,0
1328,pattern10/jgcx0170.tif,pattern19/nkbn0220.tif,0
1329,pattern10/jgcx0170.tif,pattern20/gqhw0217.tif,0
1330,pattern10/tfcx0170.tif,pattern12/gfcj0179.tif,0
1331,pattern10/tfcx0170.tif,pattern12/jpcj0179.tif,0
1332,pattern10/tfcx0170.tif,pattern12/kfdj0179.tif,0
1333,pattern10/tfcx0170.tif,pattern12/kkjx0179.tif,0
1334,pattern10/tfcx0170.tif,pattern12/kpjx0179.tif,0
1335,pattern10/tfcx0170.tif,pattern12/krxx0179.tif,0
1336,pattern10/tfcx0170.tif,pattern12/kzcj0179.tif,0
1337,pattern10/tfcx0170.tif,pattern12/lkjx0179.tif,0
1338,pattern10/tfcx0170.tif,pattern12/lrjx0179.tif,0
1339,pattern10/tfcx0170.tif,pattern12/mgcj0179.tif,0
1340,pattern10/tfcx0170.tif,pattern12/ngcj0179.tif,0
1341,pattern10/tfcx0170.tif,pattern12/nzcj0179.tif,0
1342,pattern10/tfcx0170.tif,pattern12/phhx0179.tif,0
1343,pattern10/tfcx0170.tif,pattern12/rkkh0170.tif,0
1344,pattern10/tfcx0170.tif,pattern12/sgcj0179.tif,0
1345,pattern10/tfcx0170.tif,pattern12/szxx0179.tif,0
1346,pattern10/tfcx0170.tif,pattern12/tgdj0179.tif,0
1347,pattern10/tfcx0170.tif,pattern12/tkdj0179.tif,0
1348,pattern10/tfcx0170.tif,pattern12/txcj0179.tif,0
1349,pattern10/tfcx0170.tif,pattern12/xzcj0179.tif,0
1350,pattern10/tfcx0170.tif,pattern12/ygdj0179.tif,0
1351,pattern10/tfcx0170.tif,pattern12/ygxx0179.tif,0
1353,pattern10/tfcx0170.tif,pattern13/jrpm0220.tif,0
1354,pattern10/tfcx0170.tif,pattern13/krpm0220.tif,0
1356,pattern10/tfcx0170.tif,pattern14/gnyx0222.tif,0
1357,pattern10/tfcx0170.tif,pattern14/hnyx0222.tif,0
1359,pattern10/tfcx0170.tif,pattern19/lkbn0220.tif,0
1360,pattern10/tfcx0170.tif,pattern19/mkbn0220.tif,0
1363,pattern12/gfcj0179.tif,pattern12/jpcj0179.tif,1
1364,pattern12/gfcj0179.tif,pattern12/kfdj0179.tif,1
1365,pattern12/gfcj0179.tif,pattern12/kkjx0179.tif,1
1366,pattern12/gfcj0179.tif,pattern12/kpjx0179.tif,1
1367,pattern12/gfcj0179.tif,pattern12/krxx0179.tif,1
1368,pattern12/gfcj0179.tif,pattern12/kzcj0179.tif,1
1369,pattern12/gfcj0179.tif,pattern12/lkjx0179.tif,1
1370,pattern12/gfcj0179.tif,pattern12/lrjx0179.tif,1
1371,pattern12/gfcj0179.tif,pattern12/mgcj0179.tif,1
1372,pattern12/gfcj0179.tif,pattern12/ngcj0179.tif,1
1373,pattern12/gfcj0179.tif,pattern12/nzcj0179.tif,1
1374,pattern12/gfcj0179.tif,pattern12/phhx0179.tif,1
1375,pattern12/gfcj0179.tif,pattern12/rkkh0170.tif,1
1376,pattern12/gfcj0179.tif,pattern12/sgcj0179.tif,1
1377,pattern12/gfcj0179.tif,pattern12/szxx0179.tif,1
1378,pattern12/gfcj0179.tif,pattern12/tgdj0179.tif,1
1379,pattern12/gfcj0179.tif,pattern12/tkdj0179.tif,1
1380,pattern12/gfcj0179.tif,pattern12/txcj0179.tif,1
1381,pattern12/gfcj0179.tif,pattern12/xzcj0179.tif,1
1382,pattern12/gfcj0179.tif,pattern12/ygdj0179.tif,1
1383,pattern12/gfcj0179.tif,pattern12/ygxx0179.tif,1
1384,pattern12/gfcj0179.tif,pattern12/zyjx0179.tif,1
1385,pattern12/gfcj0179.tif,pattern13/jrpm0220.tif,0
1386,pattern12/gfcj0179.tif,pattern13/krpm0220.tif,0
1387,pattern12/gfcj0179.tif,pattern13/lrpm0220.tif,0
1388,pattern12/gfcj0179.tif,pattern14/gnyx0222.tif,0
1389,pattern12/gfcj0179.tif,pattern14/hnyx0222.tif,0
1390,pattern12/gfcj0179.tif,pattern14/xnyx0222.tif,0
1391,pattern12/gfcj0179.tif,pattern19/lkbn0220.tif,0
1392,pattern12/gfcj0179.tif,pattern19/mkbn0220.tif,0
1393,pattern12/gfcj0179.tif,pattern19/nkbn0220.tif,0
1394,pattern12/gfcj0179.tif,pattern20/gqhw0217.tif,0
1395,pattern12/jpcj0179.tif,pattern12/kfdj0179.tif,1
1396,pattern12/jpcj0179.tif,pattern12/kkjx0179.tif,1
1397,pattern12/jpcj0179.tif,pattern12/kpjx0179.tif,1
1398,pattern12/jpcj0179.tif,pattern12/krxx0179.tif,1
1399,pattern12/jpcj0179.tif,pattern12/kzcj0179.tif,1
1400,pattern12/jpcj0179.tif,pattern12/lkjx0179.tif,1
1401,pattern12/jpcj0179.tif,pattern12/lrjx0179.tif,1
1402,pattern12/jpcj0179.tif,pattern12/mgcj0179.tif,1
1403,pattern12/jpcj0179.tif,pattern12/ngcj0179.tif,1
1404,pattern12/jpcj0179.tif,pattern12/nzcj0179.tif,1
1405,pattern12/jpcj0179.tif,pattern12/phhx0179.tif,1
1406,pattern12/jpcj0179.tif,pattern12/rkkh0170.tif,1
1407,pattern12/jpcj0179.tif,pattern12/sgcj0179.tif,1
1408,pattern12/jpcj0179.tif,pattern12/szxx0179.tif,1
1409,pattern12/jpcj0179.tif,pattern12/tgdj0179.tif,1
1410,pattern12/jpcj0179.tif,pattern12/tkdj0179.tif,1
1411,pattern12/jpcj0179.tif,pattern12/txcj0179.tif,1
1412,pattern12/jpcj0179.tif,pattern12/xzcj0179.tif,1
1413,pattern12/jpcj0179.tif,pattern12/ygdj0179.tif,1
1414,pattern12/jpcj0179.tif,pattern12/ygxx0179.tif,1
1415,pattern12/jpcj0179.tif,pattern12/zyjx0179.tif,1
1416,pattern12/jpcj0179.tif,pattern13/jrpm0220.tif,0
1417,pattern12/jpcj0179.tif,pattern13/krpm0220.tif,0
1418,pattern12/jpcj0179.tif,pattern13/lrpm0220.tif,0
1419,pattern12/jpcj0179.tif,pattern14/gnyx0222.tif,0
1420,pattern12/jpcj0179.tif,pattern14/hnyx0222.tif,0
1421,pattern12/jpcj0179.tif,pattern14/xnyx0222.tif,0
1422,pattern12/jpcj0179.tif,pattern19/lkbn0220.tif,0
1423,pattern12/jpcj0179.tif,pattern19/mkbn0220.tif,0
1424,pattern12/jpcj0179.tif,pattern19/nkbn0220.tif,0
1425,pattern12/jpcj0179.tif,pattern20/gqhw0217.tif,0
1426,pattern12/kfdj0179.tif,pattern12/kkjx0179.tif,1
1427,pattern12/kfdj0179.tif,pattern12/kpjx0179.tif,1
1428,pattern12/kfdj0179.tif,pattern12/krxx0179.tif,1
1429,pattern12/kfdj0179.tif,pattern12/kzcj0179.tif,1
1430,pattern12/kfdj0179.tif,pattern12/lkjx0179.tif,1
1431,pattern12/kfdj0179.tif,pattern12/lrjx0179.tif,1
1432,pattern12/kfdj0179.tif,pattern12/mgcj0179.tif,1
1433,pattern12/kfdj0179.tif,pattern12/ngcj0179.tif,1
1434,pattern12/kfdj0179.tif,pattern12/nzcj0179.tif,1
1435,pattern12/kfdj0179.tif,pattern12/phhx0179.tif,1
1436,pattern12/kfdj0179.tif,pattern12/rkkh0170.tif,1
1437,pattern12/kfdj0179.tif,pattern12/sgcj0179.tif,1
1438,pattern12/kfdj0179.tif,pattern12/szxx0179.tif,1
1439,pattern12/kfdj0179.tif,pattern12/tgdj0179.tif,1
1440,pattern12/kfdj0179.tif,pattern12/tkdj0179.tif,1
1441,pattern12/kfdj0179.tif,pattern12/txcj0179.tif,1
1442,pattern12/kfdj0179.tif,pattern12/xzcj0179.tif,1
1443,pattern12/kfdj0179.tif,pattern12/ygdj0179.tif,1
1444,pattern12/kfdj0179.tif,pattern12/ygxx0179.tif,1
1445,pattern12/kfdj0179.tif,pattern12/zyjx0179.tif,1
1446,pattern12/kfdj0179.tif,pattern13/jrpm0220.tif,0
1447,pattern12/kfdj0179.tif,pattern13/krpm0220.tif,0
1448,pattern12/kfdj0179.tif,pattern13/lrpm0220.tif,0
1449,pattern12/kfdj0179.tif,pattern14/gnyx0222.tif,0
1450,pattern12/kfdj0179.tif,pattern14/hnyx0222.tif,0
1451,pattern12/kfdj0179.tif,pattern14/xnyx0222.tif,0
1452,pattern12/kfdj0179.tif,pattern19/lkbn0220.tif,0
1453,pattern12/kfdj0179.tif,pattern19/mkbn0220.tif,0
1454,pattern12/kfdj0179.tif,pattern19/nkbn0220.tif,0
1455,pattern12/kfdj0179.tif,pattern20/gqhw0217.tif,0
1456,pattern12/kkjx0179.tif,pattern12/kpjx0179.tif,1
1457,pattern12/kkjx0179.tif,pattern12/krxx0179.tif,1
1458,pattern12/kkjx0179.tif,pattern12/kzcj0179.tif,1
1459,pattern12/kkjx0179.tif,pattern12/lkjx0179.tif,1
1460,pattern12/kkjx0179.tif,pattern12/lrjx0179.tif,1
1461,pattern12/kkjx0179.tif,pattern12/mgcj0179.tif,1
1462,pattern12/kkjx0179.tif,pattern12/ngcj0179.tif,1
1463,pattern12/kkjx0179.tif,pattern12/nzcj0179.tif,1
1464,pattern12/kkjx0179.tif,pattern12/phhx0179.tif,1
1465,pattern12/kkjx0179.tif,pattern12/rkkh0170.tif,1
1466,pattern12/kkjx0179.tif,pattern12/sgcj0179.tif,1
1467,pattern12/kkjx0179.tif,pattern12/szxx0179.tif,1
1468,pattern12/kkjx0179.tif,pattern12/tgdj0179.tif,1
1469,pattern12/kkjx0179.tif,pattern12/tkdj0179.tif,1
1470,pattern12/kkjx0179.tif,pattern12/txcj0179.tif,1
1471,pattern12/kkjx0179.tif,pattern12/xzcj0179.tif,1
1472,pattern12/kkjx0179.tif,pattern12/ygdj0179.tif,1
1473,pattern12/kkjx0179.tif,pattern12/ygxx0179.tif,1
1474,pattern12/kkjx0179.tif,pattern12/zyjx0179.tif,1
1475,pattern12/kkjx0179.tif,pattern13/jrpm0220.tif,0
1476,pattern12/kkjx0179.tif,pattern13/krpm0220.tif,0
1477,pattern12/kkjx0179.tif,pattern13/lrpm0220.tif,0
1478,pattern12/kkjx0179.tif,pattern14/gnyx0222.tif,0
1479,pattern12/kkjx0179.tif,pattern14/hnyx0222.tif,0
1480,pattern12/kkjx0179.tif,pattern14/xnyx0222.tif,0
1481,pattern12/kkjx0179.tif,pattern19/lkbn0220.tif,0
1482,pattern12/kkjx0179.tif,pattern19/mkbn0220.tif,0
1483,pattern12/kkjx0179.tif,pattern19/nkbn0220.tif,0
1484,pattern12/kkjx0179.tif,pattern20/gqhw0217.tif,0
1485,pattern12/kpjx0179.tif,pattern12/krxx0179.tif,1
1486,pattern12/kpjx0179.tif,pattern12/kzcj0179.tif,1
1487,pattern12/kpjx0179.tif,pattern12/lkjx0179.tif,1
1488,pattern12/kpjx0179.tif,pattern12/lrjx0179.tif,1
1489,pattern12/kpjx0179.tif,pattern12/mgcj0179.tif,1
1490,pattern12/kpjx0179.tif,pattern12/ngcj0179.tif,1
1491,pattern12/kpjx0179.tif,pattern12/nzcj0179.tif,1
1492,pattern12/kpjx0179.tif,pattern12/phhx0179.tif,1
1493,pattern12/kpjx0179.tif,pattern12/rkkh0170.tif,1
1494,pattern12/kpjx0179.tif,pattern12/sgcj0179.tif,1
1495,pattern12/kpjx0179.tif,pattern12/szxx0179.tif,1
1496,pattern12/kpjx0179.tif,pattern12/tgdj0179.tif,1
1497,pattern12/kpjx0179.tif,pattern12/tkdj0179.tif,1
1498,pattern12/kpjx0179.tif,pattern12/txcj0179.tif,1
1499,pattern12/kpjx0179.tif,pattern12/xzcj0179.tif,1
1500,pattern12/kpjx0179.tif,pattern12/ygdj0179.tif,1
1501,pattern12/kpjx0179.tif,pattern12/ygxx0179.tif,1
1502,pattern12/kpjx0179.tif,pattern12/zyjx0179.tif,1
1503,pattern12/kpjx0179.tif,pattern13/jrpm0220.tif,0
1504,pattern12/kpjx0179.tif,pattern13/krpm0220.tif,0
1505,pattern12/kpjx0179.tif,pattern13/lrpm0220.tif,0
1506,pattern12/kpjx0179.tif,pattern14/gnyx0222.tif,0
1507,pattern12/kpjx0179.tif,pattern14/hnyx0222.tif,0
1508,pattern12/kpjx0179.tif,pattern14/xnyx0222.tif,0
1509,pattern12/kpjx0179.tif,pattern19/lkbn0220.tif,0
1510,pattern12/kpjx0179.tif,pattern19/mkbn0220.tif,0
1511,pattern12/kpjx0179.tif,pattern19/nkbn0220.tif,0
1512,pattern12/kpjx0179.tif,pattern20/gqhw0217.tif,0
1513,pattern12/krxx0179.tif,pattern12/kzcj0179.tif,1
1514,pattern12/krxx0179.tif,pattern12/lkjx0179.tif,1
1515,pattern12/krxx0179.tif,pattern12/lrjx0179.tif,1
1516,pattern12/krxx0179.tif,pattern12/mgcj0179.tif,1
1517,pattern12/krxx0179.tif,pattern12/ngcj0179.tif,1
1518,pattern12/krxx0179.tif,pattern12/nzcj0179.tif,1
1519,pattern12/krxx0179.tif,pattern12/phhx0179.tif,1
1520,pattern12/krxx0179.tif,pattern12/rkkh0170.tif,1
1521,pattern12/krxx0179.tif,pattern12/sgcj0179.tif,1
1522,pattern12/krxx0179.tif,pattern12/szxx0179.tif,1
1523,pattern12/krxx0179.tif,pattern12/tgdj0179.tif,1
1524,pattern12/krxx0179.tif,pattern12/tkdj0179.tif,1
1525,pattern12/krxx0179.tif,pattern12/txcj0179.tif,1
1526,pattern12/krxx0179.tif,pattern12/xzcj0179.tif,1
1527,pattern12/krxx0179.tif,pattern12/ygdj0179.tif,1
1528,pattern12/krxx0179.tif,pattern12/ygxx0179.tif,1
1529,pattern12/krxx0179.tif,pattern12/zyjx0179.tif,1
1530,pattern12/krxx0179.tif,pattern13/jrpm0220.tif,0
1531,pattern12/krxx0179.tif,pattern13/krpm0220.tif,0
1532,pattern12/krxx0179.tif,pattern13/lrpm0220.tif,0
1533,pattern12/krxx0179.tif,pattern14/gnyx0222.tif,0
1534,pattern12/krxx0179.tif,pattern14/hnyx0222.tif,0
1535,pattern12/krxx0179.tif,pattern14/xnyx0222.tif,0
1536,pattern12/krxx0179.tif,pattern19/lkbn0220.tif,0
1537,pattern12/krxx0179.tif,pattern19/mkbn0220.tif,0
1538,pattern12/krxx0179.tif,pattern19/nkbn0220.tif,0
1539,pattern12/krxx0179.tif,pattern20/gqhw0217.tif,0
1540,pattern12/kzcj0179.tif,pattern12/lkjx0179.tif,1
1541,pattern12/kzcj0179.tif,pattern12/lrjx0179.tif,1
1542,pattern12/kzcj0179.tif,pattern12/mgcj0179.tif,1
1543,pattern12/kzcj0179.tif,pattern12/ngcj0179.tif,1
1544,pattern12/kzcj0179.tif,pattern12/nzcj0179.tif,1
1545,pattern12/kzcj0179.tif,pattern12/phhx0179.tif,1
1546,pattern12/kzcj0179.tif,pattern12/rkkh0170.tif,1
1547,pattern12/kzcj0179.tif,pattern12/sgcj0179.tif,1
1548,pattern12/kzcj0179.tif,pattern12/szxx0179.tif,1
1549,pattern12/kzcj0179.tif,pattern12/tgdj0179.tif,1
1550,pattern12/kzcj0179.tif,pattern12/tkdj0179.tif,1
1551,pattern12/kzcj0179.tif,pattern12/txcj0179.tif,1
1552,pattern12/kzcj0179.tif,pattern12/xzcj0179.tif,1
1553,pattern12/kzcj0179.tif,pattern12/ygdj0179.tif,1
1554,pattern12/kzcj0179.tif,pattern12/ygxx0179.tif,1
1555,pattern12/kzcj0179.tif,pattern12/zyjx0179.tif,1
1556,pattern12/kzcj0179.tif,pattern13/jrpm0220.tif,0
1557,pattern12/kzcj0179.tif,pattern13/krpm0220.tif,0
1558,pattern12/kzcj0179.tif,pattern13/lrpm0220.tif,0
1559,pattern12/kzcj0179.tif,pattern14/gnyx0222.tif,0
1560,pattern12/kzcj0179.tif,pattern14/hnyx0222.tif,0
1561,pattern12/kzcj0179.tif,pattern14/xnyx0222.tif,0
1562,pattern12/kzcj0179.tif,pattern19/lkbn0220.tif,0
1563,pattern12/kzcj0179.tif,pattern19/mkbn0220.tif,0
1564,pattern12/kzcj0179.tif,pattern19/nkbn0220.tif,0
1565,pattern12/kzcj0179.tif,pattern20/gqhw0217.tif,0
1566,pattern12/lkjx0179.tif,pattern12/lrjx0179.tif,1
1567,pattern12/lkjx0179.tif,pattern12/mgcj0179.tif,1
1568,pattern12/lkjx0179.tif,pattern12/ngcj0179.tif,1
1569,pattern12/lkjx0179.tif,pattern12/nzcj0179.tif,1
1570,pattern12/lkjx0179.tif,pattern12/phhx0179.tif,1
1571,pattern12/lkjx0179.tif,pattern12/rkkh0170.tif,1
1572,pattern12/lkjx0179.tif,pattern12/sgcj0179.tif,1
1573,pattern12/lkjx0179.tif,pattern12/szxx0179.tif,1
1574,pattern12/lkjx0179.tif,pattern12/tgdj0179.tif,1
1575,pattern12/lkjx0179.tif,pattern12/tkdj0179.tif,1
1576,pattern12/lkjx0179.tif,pattern12/txcj0179.tif,1
1577,pattern12/lkjx0179.tif,pattern12/xzcj0179.tif,1
1578,pattern12/lkjx0179.tif,pattern12/ygdj0179.tif,1
1579,pattern12/lkjx0179.tif,pattern12/ygxx0179.tif,1
1580,pattern12/lkjx0179.tif,pattern12/zyjx0179.tif,1
1581,pattern12/lkjx0179.tif,pattern13/jrpm0220.tif,0
1582,pattern12/lkjx0179.tif,pattern13/krpm0220.tif,0
1583,pattern12/lkjx0179.tif,pattern13/lrpm0220.tif,0
1584,pattern12/lkjx0179.tif,pattern14/gnyx0222.tif,0
1585,pattern12/lkjx0179.tif,pattern14/hnyx0222.tif,0
1586,pattern12/lkjx0179.tif,pattern14/xnyx0222.tif,0
1587,pattern12/lkjx0179.tif,pattern19/lkbn0220.tif,0
1588,pattern12/lkjx0179.tif,pattern19/mkbn0220.tif,0
1589,pattern12/lkjx0179.tif,pattern19/nkbn0220.tif,0
1590,pattern12/lkjx0179.tif,pattern20/gqhw0217.tif,0
1591,pattern12/lrjx0179.tif,pattern12/mgcj0179.tif,1
1592,pattern12/lrjx0179.tif,pattern12/ngcj0179.tif,1
1593,pattern12/lrjx0179.tif,pattern12/nzcj0179.tif,1
1594,pattern12/lrjx0179.tif,pattern12/phhx0179.tif,1
1595,pattern12/lrjx0179.tif,pattern12/rkkh0170.tif,1
1596,pattern12/lrjx0179.tif,pattern12/sgcj0179.tif,1
1597,pattern12/lrjx0179.tif,pattern12/szxx0179.tif,1
1598,pattern12/lrjx0179.tif,pattern12/tgdj0179.tif,1
1599,pattern12/lrjx0179.tif,pattern12/tkdj0179.tif,1
1600,pattern12/lrjx0179.tif,pattern12/txcj0179.tif,1
1601,pattern12/lrjx0179.tif,pattern12/xzcj0179.tif,1
1602,pattern12/lrjx0179.tif,pattern12/ygdj0179.tif,1
1603,pattern12/lrjx0179.tif,pattern12/ygxx0179.tif,1
1604,pattern12/lrjx0179.tif,pattern12/zyjx0179.tif,1
1605,pattern12/lrjx0179.tif,pattern13/jrpm0220.tif,0
1606,pattern12/lrjx0179.tif,pattern13/krpm0220.tif,0
1607,pattern12/lrjx0179.tif,pattern13/lrpm0220.tif,0
1608,pattern12/lrjx0179.tif,pattern14/gnyx0222.tif,0
1609,pattern12/lrjx0179.tif,pattern14/hnyx0222.tif,0
1610,pattern12/lrjx0179.tif,pattern14/xnyx0222.tif,0
1611,pattern12/lrjx0179.tif,pattern19/lkbn0220.tif,0
1612,pattern12/lrjx0179.tif,pattern19/mkbn0220.tif,0
1613,pattern12/lrjx0179.tif,pattern19/nkbn0220.tif,0
1614,pattern12/lrjx0179.tif,pattern20/gqhw0217.tif,0
1615,pattern12/mgcj0179.tif,pattern12/ngcj0179.tif,1
1616,pattern12/mgcj0179.tif,pattern12/nzcj0179.tif,1
1617,pattern12/mgcj0179.tif,pattern12/phhx0179.tif,1
1618,pattern12/mgcj0179.tif,pattern12/rkkh0170.tif,1
1619,pattern12/mgcj0179.tif,pattern12/sgcj0179.tif,1
1620,pattern12/mgcj0179.tif,pattern12/szxx0179.tif,1
1621,pattern12/mgcj0179.tif,pattern12/tgdj0179.tif,1
1622,pattern12/mgcj0179.tif,pattern12/tkdj0179.tif,1
1623,pattern12/mgcj0179.tif,pattern12/txcj0179.tif,1
1624,pattern12/mgcj0179.tif,pattern12/xzcj0179.tif,1
1625,pattern12/mgcj0179.tif,pattern12/ygdj0179.tif,1
1626,pattern12/mgcj0179.tif,pattern12/ygxx0179.tif,1
1627,pattern12/mgcj0179.tif,pattern12/zyjx0179.tif,1
1628,pattern12/mgcj0179.tif,pattern13/jrpm0220.tif,0
1629,pattern12/mgcj0179.tif,pattern13/krpm0220.tif,0
1630,pattern12/mgcj0179.tif,pattern13/lrpm0220.tif,0
1631,pattern12/mgcj0179.tif,pattern14/gnyx0222.tif,0
1632,pattern12/mgcj0179.tif,pattern14/hnyx0222.tif,0
1633,pattern12/mgcj0179.tif,pattern14/xnyx0222.tif,0
1634,pattern12/mgcj0179.tif,pattern19/lkbn0220.tif,0
1635,pattern12/mgcj0179.tif,pattern19/mkbn0220.tif,0
1636,pattern12/mgcj0179.tif,pattern19/nkbn0220.tif,0
1637,pattern12/mgcj0179.tif,pattern20/gqhw0217.tif,0
1638,pattern12/ngcj0179.tif,pattern12/nzcj0179.tif,1
1639,pattern12/ngcj0179.tif,pattern12/phhx0179.tif,1
1640,pattern12/ngcj0179.tif,pattern12/rkkh0170.tif,1
1641,pattern12/ngcj0179.tif,pattern12/sgcj0179.tif,1
1642,pattern12/ngcj0179.tif,pattern12/szxx0179.tif,1
1643,pattern12/ngcj0179.tif,pattern12/tgdj0179.tif,1
1644,pattern12/ngcj0179.tif,pattern12/tkdj0179.tif,1
1645,pattern12/ngcj0179.tif,pattern12/txcj0179.tif,1
1646,pattern12/ngcj0179.tif,pattern12/xzcj0179.tif,1
1647,pattern12/ngcj0179.tif,pattern12/ygdj0179.tif,1
1648,pattern12/ngcj0179.tif,pattern12/ygxx0179.tif,1
1649,pattern12/ngcj0179.tif,pattern12/zyjx0179.tif,1
1650,pattern12/ngcj0179.tif,pattern13/jrpm0220.tif,0
1651,pattern12/ngcj0179.tif,pattern13/krpm0220.tif,0
1652,pattern12/ngcj0179.tif,pattern13/lrpm0220.tif,0
1653,pattern12/ngcj0179.tif,pattern14/gnyx0222.tif,0
1654,pattern12/ngcj0179.tif,pattern14/hnyx0222.tif,0
1655,pattern12/ngcj0179.tif,pattern14/xnyx0222.tif,0
1656,pattern12/ngcj0179.tif,pattern19/lkbn0220.tif,0
1657,pattern12/ngcj0179.tif,pattern19/mkbn0220.tif,0
1658,pattern12/ngcj0179.tif,pattern19/nkbn0220.tif,0
1659,pattern12/ngcj0179.tif,pattern20/gqhw0217.tif,0
1660,pattern12/nzcj0179.tif,pattern12/phhx0179.tif,1
1661,pattern12/nzcj0179.tif,pattern12/rkkh0170.tif,1
1662,pattern12/nzcj0179.tif,pattern12/sgcj0179.tif,1
1663,pattern12/nzcj0179.tif,pattern12/szxx0179.tif,1
1664,pattern12/nzcj0179.tif,pattern12/tgdj0179.tif,1
1665,pattern12/nzcj0179.tif,pattern12/tkdj0179.tif,1
1666,pattern12/nzcj0179.tif,pattern12/txcj0179.tif,1
1667,pattern12/nzcj0179.tif,pattern12/xzcj0179.tif,1
1668,pattern12/nzcj0179.tif,pattern12/ygdj0179.tif,1
1669,pattern12/nzcj0179.tif,pattern12/ygxx0179.tif,1
1670,pattern12/nzcj0179.tif,pattern12/zyjx0179.tif,1
1671,pattern12/nzcj0179.tif,pattern13/jrpm0220.tif,0
1672,pattern12/nzcj0179.tif,pattern13/krpm0220.tif,0
1673,pattern12/nzcj0179.tif,pattern13/lrpm0220.tif,0
1674,pattern12/nzcj0179.tif,pattern14/gnyx0222.tif,0
1675,pattern12/nzcj0179.tif,pattern14/hnyx0222.tif,0
1676,pattern12/nzcj0179.tif,pattern14/xnyx0222.tif,0
1677,pattern12/nzcj0179.tif,pattern19/lkbn0220.tif,0
1678,pattern12/nzcj0179.tif,pattern19/mkbn0220.tif,0
1679,pattern12/nzcj0179.tif,pattern19/nkbn0220.tif,0
1680,pattern12/nzcj0179.tif,pattern20/gqhw0217.tif,0
1681,pattern12/phhx0179.tif,pattern12/rkkh0170.tif,1
1682,pattern12/phhx0179.tif,pattern12/sgcj0179.tif,1
1683,pattern12/phhx0179.tif,pattern12/szxx0179.tif,1
1684,pattern12/phhx0179.tif,pattern12/tgdj0179.tif,1
1685,pattern12/phhx0179.tif,pattern12/tkdj0179.tif,1
1686,pattern12/phhx0179.tif,pattern12/txcj0179.tif,1
1687,pattern12/phhx0179.tif,pattern12/xzcj0179.tif,1
1688,pattern12/phhx0179.tif,pattern12/ygdj0179.tif,1
1689,pattern12/phhx0179.tif,pattern12/ygxx0179.tif,1
1690,pattern12/phhx0179.tif,pattern12/zyjx0179.tif,1
1691,pattern12/phhx0179.tif,pattern13/jrpm0220.tif,0
1692,pattern12/phhx0179.tif,pattern13/krpm0220.tif,0
1693,pattern12/phhx0179.tif,pattern13/lrpm0220.tif,0
1694,pattern12/phhx0179.tif,pattern14/gnyx0222.tif,0
1695,pattern12/phhx0179.tif,pattern14/hnyx0222.tif,0
1696,pattern12/phhx0179.tif,pattern14/xnyx0222.tif,0
1697,pattern12/phhx0179.tif,pattern19/lkbn0220.tif,0
1698,pattern12/phhx0179.tif,pattern19/mkbn0220.tif,0
1699,pattern12/phhx0179.tif,pattern19/nkbn0220.tif,0
1700,pattern12/phhx0179.tif,pattern20/gqhw0217.tif,0
1701,pattern12/rkkh0170.tif,pattern12/sgcj0179.tif,1
1702,pattern12/rkkh0170.tif,pattern12/szxx0179.tif,1
1703,pattern12/rkkh0170.tif,pattern12/tgdj0179.tif,1
1704,pattern12/rkkh0170.tif,pattern12/tkdj0179.tif,1
1705,pattern12/rkkh0170.tif,pattern12/txcj0179.tif,1
1706,pattern12/rkkh0170.tif,pattern12/xzcj0179.tif,1
1707,pattern12/rkkh0170.tif,pattern12/ygdj0179.tif,1
1708,pattern12/rkkh0170.tif,pattern12/ygxx0179.tif,1
1709,pattern12/rkkh0170.tif,pattern12/zyjx0179.tif,1
1710,pattern12/rkkh0170.tif,pattern13/jrpm0220.tif,0
1711,pattern12/rkkh0170.tif,pattern13/krpm0220.tif,0
1712,pattern12/rkkh0170.tif,pattern13/lrpm0220.tif,0
1713,pattern12/rkkh0170.tif,pattern14/gnyx0222.tif,0
1714,pattern12/rkkh0170.tif,pattern14/hnyx0222.tif,0
1715,pattern12/rkkh0170.tif,pattern14/xnyx0222.tif,0
1716,pattern12/rkkh0170.tif,pattern19/lkbn0220.tif,0
1717,pattern12/rkkh0170.tif,pattern19/mkbn0220.tif,0
1718,pattern12/rkkh0170.tif,pattern19/nkbn0220.tif,0
1719,pattern12/rkkh0170.tif,pattern20/gqhw0217.tif,0
1720,pattern12/sgcj0179.tif,pattern12/szxx0179.tif,1
1721,pattern12/sgcj0179.tif,pattern12/tgdj0179.tif,1
1722,pattern12/sgcj0179.tif,pattern12/tkdj0179.tif,1
1723,pattern12/sgcj0179.tif,pattern12/txcj0179.tif,1
1724,pattern12/sgcj0179.tif,pattern12/xzcj0179.tif,1
1725,pattern12/sgcj0179.tif,pattern12/ygdj0179.tif,1
1726,pattern12/sgcj0179.tif,pattern12/ygxx0179.tif,1
1727,pattern12/sgcj0179.tif,pattern12/zyjx0179.tif,1
1728,pattern12/sgcj0179.tif,pattern13/jrpm0220.tif,0
1729,pattern12/sgcj0179.tif,pattern13/krpm0220.tif,0
1730,pattern12/sgcj0179.tif,pattern13/lrpm0220.tif,0
1731,pattern12/sgcj0179.tif,pattern14/gnyx0222.tif,0
1732,pattern12/sgcj0179.tif,pattern14/hnyx0222.tif,0
1733,pattern12/sgcj0179.tif,pattern14/xnyx0222.tif,0
1734,pattern12/sgcj0179.tif,pattern19/lkbn0220.tif,0
1735,pattern12/sgcj0179.tif,pattern19/mkbn0220.tif,0
1736,pattern12/sgcj0179.tif,pattern19/nkbn0220.tif,0
1737,pattern12/sgcj0179.tif,pattern20/gqhw0217.tif,0
1738,pattern12/szxx0179.tif,pattern12/tgdj0179.tif,1
1739,pattern12/szxx0179.tif,pattern12/tkdj0179.tif,1
1740,pattern12/szxx0179.tif,pattern12/txcj0179.tif,1
1741,pattern12/szxx0179.tif,pattern12/xzcj0179.tif,1
1742,pattern12/szxx0179.tif,pattern12/ygdj0179.tif,1
1743,pattern12/szxx0179.tif,pattern12/ygxx0179.tif,1
1744,pattern12/szxx0179.tif,pattern12/zyjx0179.tif,1
1745,pattern12/szxx0179.tif,pattern13/jrpm0220.tif,0
1746,pattern12/szxx0179.tif,pattern13/krpm0220.tif,0
1747,pattern12/szxx0179.tif,pattern13/lrpm0220.tif,0
1748,pattern12/szxx0179.tif,pattern14/gnyx0222.tif,0
1749,pattern12/szxx0179.tif,pattern14/hnyx0222.tif,0
1750,pattern12/szxx0179.tif,pattern14/xnyx0222.tif,0
1751,pattern12/szxx0179.tif,pattern19/lkbn0220.tif,0
1752,pattern12/szxx0179.tif,pattern19/mkbn0220.tif,0
1753,pattern12/szxx0179.tif,pattern19/nkbn0220.tif,0
1754,pattern12/szxx0179.tif,pattern20/gqhw0217.tif,0
1755,pattern12/tgdj0179.tif,pattern12/tkdj0179.tif,1
1756,pattern12/tgdj0179.tif,pattern12/txcj0179.tif,1
1757,pattern12/tgdj0179.tif,pattern12/xzcj0179.tif,1
1758,pattern12/tgdj0179.tif,pattern12/ygdj0179.tif,1
1759,pattern12/tgdj0179.tif,pattern12/ygxx0179.tif,1
1760,pattern12/tgdj0179.tif,pattern12/zyjx0179.tif,1
1761,pattern12/tgdj0179.tif,pattern13/jrpm0220.tif,0
1762,pattern12/tgdj0179.tif,pattern13/krpm0220.tif,0
1763,pattern12/tgdj0179.tif,pattern13/lrpm0220.tif,0
1764,pattern12/tgdj0179.tif,pattern14/gnyx0222.tif,0
1765,pattern12/tgdj0179.tif,pattern14/hnyx0222.tif,0
1766,pattern12/tgdj0179.tif,pattern14/xnyx0222.tif,0
1767,pattern12/tgdj0179.tif,pattern19/lkbn0220.tif,0
1768,pattern12/tgdj0179.tif,pattern19/mkbn0220.tif,0
1769,pattern12/tgdj0179.tif,pattern19/nkbn0220.tif,0
1770,pattern12/tgdj0179.tif,pattern20/gqhw0217.tif,0
1771,pattern12/tkdj0179.tif,pattern12/txcj0179.tif,1
1772,pattern12/tkdj0179.tif,pattern12/xzcj0179.tif,1
1773,pattern12/tkdj0179.tif,pattern12/ygdj0179.tif,1
1774,pattern12/tkdj0179.tif,pattern12/ygxx0179.tif,1
1775,pattern12/tkdj0179.tif,pattern12/zyjx0179.tif,1
1776,pattern12/tkdj0179.tif,pattern13/jrpm0220.tif,0
1777,pattern12/tkdj0179.tif,pattern13/krpm0220.tif,0
1778,pattern12/tkdj0179.tif,pattern13/lrpm0220.tif,0
1779,pattern12/tkdj0179.tif,pattern14/gnyx0222.tif,0
1780,pattern12/tkdj0179.tif,pattern14/hnyx0222.tif,0
1781,pattern12/tkdj0179.tif,pattern14/xnyx0222.tif,0
1782,pattern12/tkdj0179.tif,pattern19/lkbn0220.tif,0
1783,pattern12/tkdj0179.tif,pattern19/mkbn0220.tif,0
1784,pattern12/tkdj0179.tif,pattern19/nkbn0220.tif,0
1785,pattern12/tkdj0179.tif,pattern20/gqhw0217.tif,0
1786,pattern12/txcj0179.tif,pattern12/xzcj0179.tif,1
1787,pattern12/txcj0179.tif,pattern12/ygdj0179.tif,1
1788,pattern12/txcj0179.tif,pattern12/ygxx0179.tif,1
1789,pattern12/txcj0179.tif,pattern12/zyjx0179.tif,1
1790,pattern12/txcj0179.tif,pattern13/jrpm0220.tif,0
1791,pattern12/txcj0179.tif,pattern13/krpm0220.tif,0
1792,pattern12/txcj0179.tif,pattern13/lrpm0220.tif,0
1793,pattern12/txcj0179.tif,pattern14/gnyx0222.tif,0
1794,pattern12/txcj0179.tif,pattern14/hnyx0222.tif,0
1795,pattern12/txcj0179.tif,pattern14/xnyx0222.tif,0
1796,pattern12/txcj0179.tif,pattern19/lkbn0220.tif,0
1797,pattern12/txcj0179.tif,pattern19/mkbn0220.tif,0
1798,pattern12/txcj0179.tif,pattern19/nkbn0220.tif,0
1799,pattern12/txcj0179.tif,pattern20/gqhw0217.tif,0
1800,pattern12/xzcj0179.tif,pattern12/ygdj0179.tif,1
1801,pattern12/xzcj0179.tif,pattern12/ygxx0179.tif,1
1802,pattern12/xzcj0179.tif,pattern12/zyjx0179.tif,1
1803,pattern12/xzcj0179.tif,pattern13/jrpm0220.tif,0
1804,pattern12/xzcj0179.tif,pattern13/krpm0220.tif,0
1805,pattern12/xzcj0179.tif,pattern13/lrpm0220.tif,0
1806,pattern12/xzcj0179.tif,pattern14/gnyx0222.tif,0
1807,pattern12/xzcj0179.tif,pattern14/hnyx0222.tif,0
1808,pattern12/xzcj0179.tif,pattern14/xnyx0222.tif,0
1809,pattern12/xzcj0179.tif,pattern19/lkbn0220.tif,0
1810,pattern12/xzcj0179.tif,pattern19/mkbn0220.tif,0
1811,pattern12/xzcj0179.tif,pattern19/nkbn0220.tif,0
1812,pattern12/xzcj0179.tif,pattern20/gqhw0217.tif,0
1813,pattern12/ygdj0179.tif,pattern12/ygxx0179.tif,1
1814,pattern12/ygdj0179.tif,pattern12/zyjx0179.tif,1
1815,pattern12/ygdj0179.tif,pattern13/jrpm0220.tif,0
1816,pattern12/ygdj0179.tif,pattern13/krpm0220.tif,0
1817,pattern12/ygdj0179.tif,pattern13/lrpm0220.tif,0
1818,pattern12/ygdj0179.tif,pattern14/gnyx0222.tif,0
1819,pattern12/ygdj0179.tif,pattern14/hnyx0222.tif,0
1820,pattern12/ygdj0179.tif,pattern14/xnyx0222.tif,0
1821,pattern12/ygdj0179.tif,pattern19/lkbn0220.tif,0
1822,pattern12/ygdj0179.tif,pattern19/mkbn0220.tif,0
1823,pattern12/ygdj0179.tif,pattern19/nkbn0220.tif,0
1824,pattern12/ygdj0179.tif,pattern20/gqhw0217.tif,0
1825,pattern12/ygxx0179.tif,pattern12/zyjx0179.tif,1
1826,pattern12/ygxx0179.tif,pattern13/jrpm0220.tif,0
1827,pattern12/ygxx0179.tif,pattern13/krpm0220.tif,0
1828,pattern12/ygxx0179.tif,pattern13/lrpm0220.tif,0
1829,pattern12/ygxx0179.tif,pattern14/gnyx0222.tif,0
1830,pattern12/ygxx0179.tif,pattern14/hnyx0222.tif,0
1831,pattern12/ygxx0179.tif,pattern14/xnyx0222.tif,0
1832,pattern12/ygxx0179.tif,pattern19/lkbn0220.tif,0
1833,pattern12/ygxx0179.tif,pattern19/mkbn0220.tif,0
1834,pattern12/ygxx0179.tif,pattern19/nkbn0220.tif,0
1835,pattern12/ygxx0179.tif,pattern20/gqhw0217.tif,0
1836,pattern12/zyjx0179.tif,pattern13/jrpm0220.tif,0
1837,pattern12/zyjx0179.tif,pattern13/krpm0220.tif,0
1839,pattern12/zyjx0179.tif,pattern14/gnyx0222.tif,0
1840,pattern12/zyjx0179.tif,pattern14/hnyx0222.tif,0
1842,pattern12/zyjx0179.tif,pattern19/lkbn0220.tif,0
1843,pattern12/zyjx0179.tif,pattern19/mkbn0220.tif,0
1846,pattern13/jrpm0220.tif,pattern13/krpm0220.tif,1
1847,pattern13/jrpm0220.tif,pattern13/lrpm0220.tif,1
1848,pattern13/jrpm0220.tif,pattern14/gnyx0222.tif,0
1849,pattern13/jrpm0220.tif,pattern14/hnyx0222.tif,0
1850,pattern13/jrpm0220.tif,pattern14/xnyx0222.tif,0
1851,pattern13/jrpm0220.tif,pattern19/lkbn0220.tif,0
1852,pattern13/jrpm0220.tif,pattern19/mkbn0220.tif,0
1853,pattern13/jrpm0220.tif,pattern19/nkbn0220.tif,0
1854,pattern13/jrpm0220.tif,pattern20/gqhw0217.tif,0
1855,pattern13/krpm0220.tif,pattern13/lrpm0220.tif,1
1856,pattern13/krpm0220.tif,pattern14/gnyx0222.tif,0
1857,pattern13/krpm0220.tif,pattern14/hnyx0222.tif,0
1858,pattern13/krpm0220.tif,pattern14/xnyx0222.tif,0
1859,pattern13/krpm0220.tif,pattern19/lkbn0220.tif,0
1860,pattern13/krpm0220.tif,pattern19/mkbn0220.tif,0
1861,pattern13/krpm0220.tif,pattern19/nkbn0220.tif,0
1862,pattern13/krpm0220.tif,pattern20/gqhw0217.tif,0
1863,pattern13/lrpm0220.tif,pattern14/gnyx0222.tif,0
1864,pattern13/lrpm0220.tif,pattern14/hnyx0222.tif,0
1866,pattern13/lrpm0220.tif,pattern19/lkbn0220.tif,0
1867,pattern13/lrpm0220.tif,pattern19/mkbn0220.tif,0
1870,pattern14/gnyx0222.tif,pattern14/hnyx0222.tif,1
1871,pattern14/gnyx0222.tif,pattern14/xnyx0222.tif,1
1872,pattern14/gnyx0222.tif,pattern19/lkbn0220.tif,0
1873,pattern14/gnyx0222.tif,pattern19/mkbn0220.tif,0
1874,pattern14/gnyx0222.tif,pattern19/nkbn0220.tif,0
1875,pattern14/gnyx0222.tif,pattern20/gqhw0217.tif,0
1876,pattern14/hnyx0222.tif,pattern14/xnyx0222.tif,1
1877,pattern14/hnyx0222.tif,pattern19/lkbn0220.tif,0
1878,pattern14/hnyx0222.tif,pattern19/mkbn0220.tif,0
1879,pattern14/hnyx0222.tif,pattern19/nkbn0220.tif,0
1880,pattern14/hnyx0222.tif,pattern20/gqhw0217.tif,0
1881,pattern14/xnyx0222.tif,pattern19/lkbn0220.tif,0
1882,pattern14/xnyx0222.tif,pattern19/mkbn0220.tif,0
1885,pattern19/lkbn0220.tif,pattern19/mkbn0220.tif,1
1886,pattern19/lkbn0220.tif,pattern19/nkbn0220.tif,1
1887,pattern19/lkbn0220.tif,pattern20/gqhw0217.tif,0
1888,pattern19/mkbn0220.tif,pattern19/nkbn0220.tif,1
1889,pattern19/mkbn0220.tif,pattern20/gqhw0217.tif,0
